Store_ID,Store_Name,Store_Area,Items_Available,Main_Category,Popular_Item,Daily_Customer_Count,Store_Sales,Avg_Transaction_Value,Online_Sales_Percentage,Estimated_Online_Sales,Last_Inventory_Date,Number_of_Employees,Customer_Satisfaction_Score
1,FreshStop,1659,1961,Electronics,Bread,530,66490,125.45283018867924,25.98,17274.1,2021-10-24,39,3.6
2,EcoGrocer,1461,1752,Clothing,Bedding Set,210,39820,189.61904761904762,22.45,8939.59,2021-01-06,35,4.0
3,CityMarket,1340,1609,Home Goods,Running Shoes,720,54010,75.01388888888889,10.27,5546.83,2021-02-04,16,4.5
4,PrimePick,1451,1748,Toys,Dog Food,620,53730,86.66129032258064,18.67,10031.39,2021-05-13,41,4.5
5,GreenBasket,1770,2111,Clothing,Shampoo,450,46620,103.6,23.69,11044.28,2021-11-16,39,3.5
6,CityMarket,1442,1733,Sports Equipment,Bedding Set,760,45260,59.55263157894737,25.58,11577.51,2021-05-09,23,3.6
7,ValueVille,1542,1858,Clothing,Eggs,1030,72240,70.13592233009709,10.05,7260.12,2021-06-06,18,3.2
8,QuickMart,1261,1507,Office Supplies,Milk,1020,37720,36.98039215686274,17.33,6536.88,2021-04-18,47,3.3
9,GreenBasket,1090,1321,Pet Supplies,T-shirt,680,46310,68.1029411764706,12.67,5867.48,2021-05-23,21,3.8
10,EcoGrocer,1030,1235,Office Supplies,Running Shoes,1130,44150,39.07079646017699,29.45,13002.18,2021-03-05,15,3.9
11,EcoGrocer,1187,1439,Electronics,Dog Food,1090,71280,65.39449541284404,26.02,18547.06,2021-08-17,32,4.9
12,GreenBasket,1751,2098,Books,Bedding Set,720,57620,80.02777777777777,5.72,3295.86,2021-01-22,25,4.5
13,EcoGrocer,1746,2064,Sports Equipment,Printer Paper,1050,60470,57.59047619047619,24.18,14621.65,2021-07-05,39,3.5
14,SuperSaver,1615,1931,Toys,Bedding Set,1160,59130,50.974137931034484,27.5,16260.75,2021-09-20,32,4.4
15,FreshStop,1469,1756,Beauty Products,Bedding Set,770,66360,86.18181818181819,16.28,10803.41,2021-11-05,10,4.8
16,MegaStore,1644,1950,Beauty Products,Dog Food,790,78870,99.83544303797468,10.77,8494.3,2021-02-16,24,4.6
17,EcoGrocer,1578,1907,Toys,Bread,1440,77250,53.645833333333336,24.6,19003.5,2021-07-31,40,4.3
18,MegaStore,1703,2045,Home Goods,Shampoo,670,38170,56.97014925373134,23.14,8832.54,2021-02-25,31,4.9
19,SuperSaver,1438,1731,Pet Supplies,Printer Paper,1030,63540,61.689320388349515,5.9,3748.86,2021-01-01,44,4.6
20,UrbanMart,1940,2340,Pet Supplies,T-shirt,980,40190,41.01020408163265,22.77,9151.26,2021-03-02,25,3.9
21,CityMarket,1421,1700,Groceries,Bread,370,43460,117.45945945945945,16.33,7097.02,2021-04-10,17,3.3
22,UrbanMart,1458,1746,Groceries,Milk,690,68890,99.84057971014492,15.11,10409.28,2021-10-28,39,4.1
23,CityMarket,1719,2065,Books,Eggs,950,52780,55.55789473684211,11.58,6111.92,2021-08-17,34,4.4
24,GreenBasket,1449,1752,Home Goods,Running Shoes,620,50680,81.74193548387096,11.81,5985.31,2021-10-29,14,4.6
25,UrbanMart,1234,1488,Pet Supplies,T-shirt,840,41880,49.857142857142854,27.46,11500.25,2021-01-29,39,4.1
26,PrimePick,1732,2073,Office Supplies,T-shirt,820,70050,85.42682926829268,13.74,9624.87,2021-01-31,13,3.8
27,CityMarket,1475,1777,Toys,Action Figure,1100,25820,23.472727272727273,8.42,2174.04,2021-09-20,45,3.6
28,CityMarket,1390,1648,Home Goods,T-shirt,980,60530,61.765306122448976,7.0,4237.1,2021-12-22,25,3.3
29,CityMarket,1642,1943,Pet Supplies,Bestseller Novel,710,78100,110.0,13.79,10769.99,2021-05-09,34,3.7
30,MegaStore,1715,2071,Beauty Products,Shampoo,650,84860,130.55384615384617,25.46,21605.36,2021-06-23,35,4.0
31,UrbanMart,1439,1746,Sports Equipment,T-shirt,990,80140,80.94949494949495,21.47,17206.06,2021-10-25,27,4.9
32,EcoGrocer,1250,1508,Office Supplies,Eggs,990,14920,15.070707070707071,12.98,1936.62,2021-03-09,41,4.2
33,CityMarket,1331,1608,Clothing,Bedding Set,880,60460,68.70454545454545,24.91,15060.59,2021-06-19,39,4.0
34,EcoGrocer,1784,2163,Toys,Milk,620,74560,120.25806451612904,26.36,19654.02,2021-07-16,25,5.0
35,GreenBasket,1375,1648,Toys,Action Figure,1020,72430,71.00980392156863,9.48,6866.36,2021-09-27,19,3.4
36,PrimePick,1871,2230,Sports Equipment,Bread,700,45460,64.94285714285714,6.28,2854.89,2021-10-31,50,5.0
37,PrimePick,1442,1744,Beauty Products,Printer Paper,610,41570,68.14754098360656,21.21,8817.0,2021-02-04,30,3.4
38,MegaStore,1174,1411,Home Goods,Running Shoes,1080,62870,58.21296296296296,26.91,16918.32,2021-11-05,14,3.2
39,EcoGrocer,1839,2204,Electronics,Bestseller Novel,1010,55170,54.62376237623762,22.82,12589.79,2021-09-29,39,5.0
40,ValueVille,1270,1516,Books,T-shirt,10,45480,4548.0,13.52,6148.9,2021-01-10,36,4.1
41,FreshStop,1435,1725,Clothing,Bread,1250,49550,39.64,16.54,8195.57,2021-09-08,45,4.0
42,CityMarket,965,1152,Pet Supplies,T-shirt,600,48140,80.23333333333333,11.44,5507.22,2021-06-22,45,3.1
43,GreenBasket,1665,2001,Electronics,Printer Paper,730,67640,92.65753424657534,28.64,19372.1,2021-05-22,16,3.4
44,FreshStop,1780,2117,Groceries,T-shirt,780,39730,50.93589743589744,24.74,9829.2,2021-04-30,12,4.2
45,EcoGrocer,1009,1194,Toys,Bedding Set,520,35800,68.84615384615384,17.62,6307.96,2021-10-05,23,3.8
46,EcoGrocer,1227,1471,Beauty Products,Milk,870,49270,56.632183908045974,10.83,5335.94,2021-03-14,16,4.0
47,GreenBasket,1769,2087,Pet Supplies,Smartphone,690,66510,96.3913043478261,8.5,5653.35,2021-08-30,27,4.8
48,PrimePick,1660,1982,Pet Supplies,Shampoo,910,62530,68.71428571428571,11.99,7497.35,2021-09-16,10,4.9
49,QuickMart,1472,1776,Toys,Milk,1260,59980,47.6031746031746,22.29,13369.54,2021-05-14,48,3.6
50,SuperSaver,1408,1688,Office Supplies,Printer Paper,1040,76350,73.41346153846153,23.24,17743.74,2021-01-19,29,3.2
51,EcoGrocer,1514,1820,Beauty Products,Milk,910,81820,89.91208791208791,10.72,8771.1,2021-04-07,36,4.0
52,PrimePick,1565,1880,Sports Equipment,Action Figure,1300,57830,44.48461538461538,23.39,13526.44,2021-10-16,33,4.1
53,UrbanMart,1074,1288,Toys,Bedding Set,320,70450,220.15625,28.34,19965.53,2021-06-02,26,3.6
54,SuperSaver,1864,2240,Home Goods,Running Shoes,530,67000,126.41509433962264,6.41,4294.7,2021-01-17,19,4.3
55,CityMarket,1570,1898,Sports Equipment,Dog Food,980,64090,65.39795918367346,6.35,4069.72,2021-12-16,10,3.9
56,QuickMart,1417,1701,Office Supplies,Bestseller Novel,740,48670,65.77027027027027,16.78,8166.83,2021-10-08,38,3.7
57,QuickMart,1734,2060,Beauty Products,Printer Paper,1240,66210,53.395161290322584,28.28,18724.19,2021-08-30,46,3.5
58,MegaStore,1470,1763,Toys,Dog Food,1080,83660,77.46296296296296,29.15,24386.89,2021-05-14,40,3.7
59,QuickMart,1761,2104,Clothing,Action Figure,1080,70770,65.52777777777777,23.8,16843.26,2021-08-27,21,4.9
60,MegaStore,1756,2070,Toys,Dog Food,460,53870,117.1086956521739,10.1,5440.87,2021-01-26,23,3.7
61,FreshStop,1704,2045,Sports Equipment,Eggs,300,71300,237.66666666666666,11.63,8292.19,2021-02-25,42,4.7
62,GreenBasket,2011,2391,Clothing,Shampoo,530,46100,86.98113207547169,9.87,4550.07,2021-10-28,15,4.6
63,UrbanMart,1472,1748,Sports Equipment,Eggs,600,49100,81.83333333333333,28.12,13806.92,2021-10-05,19,3.6
64,MegaStore,1310,1561,Pet Supplies,Running Shoes,860,65920,76.65116279069767,8.68,5721.86,2021-08-30,41,4.7
65,MegaStore,1544,1821,Home Goods,Milk,590,58660,99.42372881355932,28.53,16735.7,2021-04-15,11,3.2
66,CityMarket,1707,2052,Pet Supplies,Action Figure,920,69130,75.1413043478261,26.54,18347.1,2021-12-19,34,3.1
67,PrimePick,1881,2262,Pet Supplies,Printer Paper,570,49080,86.10526315789474,8.28,4063.82,2021-03-07,10,4.7
68,EcoGrocer,1416,1681,Groceries,Bedding Set,290,72710,250.72413793103448,29.0,21085.9,2021-08-27,24,4.7
69,FreshStop,1631,1941,Toys,Printer Paper,650,33430,51.43076923076923,22.93,7665.5,2021-12-31,34,4.3
70,UrbanMart,1318,1576,Pet Supplies,Running Shoes,710,42430,59.76056338028169,20.94,8884.84,2021-05-11,35,4.5
71,ValueVille,1692,2019,Groceries,Running Shoes,850,56650,66.6470588235294,26.83,15199.2,2021-10-22,39,4.5
72,PrimePick,1152,1380,Sports Equipment,Dog Food,530,33580,63.35849056603774,27.93,9378.89,2021-03-01,13,3.8
73,SuperSaver,891,1073,Home Goods,Smartphone,630,67370,106.93650793650794,18.62,12544.29,2021-01-11,30,4.8
74,SuperSaver,1468,1749,Clothing,Running Shoes,700,71780,102.54285714285714,7.88,5656.26,2021-04-21,11,3.2
75,QuickMart,1539,1833,Pet Supplies,Bestseller Novel,650,84840,130.52307692307693,5.41,4589.84,2021-03-06,21,4.4
76,QuickMart,1635,1956,Clothing,Smartphone,720,82070,113.98611111111111,21.74,17842.02,2021-06-15,34,4.3
77,UrbanMart,1267,1520,Pet Supplies,Running Shoes,450,26770,59.48888888888889,17.88,4786.48,2021-07-03,12,4.8
78,ValueVille,1250,1475,Office Supplies,T-shirt,1390,65560,47.16546762589928,24.34,15957.3,2021-03-01,29,4.3
79,EcoGrocer,1720,2044,Books,Running Shoes,960,38660,40.270833333333336,9.44,3649.5,2021-08-08,44,3.4
80,SuperSaver,1462,1761,Electronics,T-shirt,600,65660,109.43333333333334,6.3,4136.58,2021-06-27,26,4.6
81,FreshStop,1431,1711,Toys,Running Shoes,620,40700,65.64516129032258,28.73,11693.11,2021-09-29,16,3.4
82,SuperSaver,1539,1858,Toys,Shampoo,1020,88910,87.16666666666667,18.61,16546.15,2021-05-07,25,3.6
83,ValueVille,1441,1723,Groceries,Bread,330,57860,175.33333333333334,10.51,6081.09,2021-06-24,10,4.5
84,QuickMart,1572,1884,Beauty Products,Milk,1410,42670,30.26241134751773,23.8,10155.46,2021-05-03,45,3.0
85,ValueVille,1287,1525,Clothing,Milk,1200,90180,75.15,5.23,4716.41,2021-04-08,46,4.0
86,ValueVille,1468,1760,Home Goods,Eggs,280,51280,183.14285714285714,26.87,13778.94,2021-01-16,12,4.4
87,EcoGrocer,1931,2342,Books,Smartphone,940,97260,103.46808510638297,28.68,27894.17,2021-01-08,32,4.7
88,CityMarket,1252,1506,Pet Supplies,Shampoo,850,39650,46.64705882352941,16.04,6359.86,2021-09-17,25,3.7
89,GreenBasket,1238,1468,Office Supplies,Running Shoes,960,45720,47.625,24.43,11169.4,2021-03-21,19,3.1
90,MegaStore,1479,1758,Pet Supplies,Eggs,420,42060,100.14285714285714,28.05,11797.83,2021-06-12,34,3.3
91,PrimePick,1590,1912,Beauty Products,Eggs,830,65350,78.73493975903614,22.69,14827.92,2021-03-01,36,3.6
92,GreenBasket,2169,2617,Books,T-shirt,600,67080,111.8,20.96,14059.97,2021-11-24,16,3.8
93,FreshStop,1838,2205,Books,Bedding Set,400,54030,135.075,6.23,3366.07,2021-08-17,31,4.5
94,ValueVille,1385,1655,Pet Supplies,Bread,760,56360,74.15789473684211,14.21,8008.76,2021-10-29,38,4.9
95,SuperSaver,1921,2305,Clothing,Eggs,1470,77120,52.46258503401361,7.13,5498.66,2021-03-09,18,3.5
96,UrbanMart,1975,2385,Electronics,Bread,500,50810,101.62,23.96,12174.08,2021-02-19,42,4.9
97,EcoGrocer,1853,2235,Beauty Products,Shampoo,1120,60960,54.42857142857143,14.67,8942.83,2021-06-26,36,4.2
98,GreenBasket,1816,2171,Pet Supplies,Bedding Set,1160,61180,52.741379310344826,15.56,9519.61,2021-11-29,32,3.5
99,CityMarket,1785,2147,Books,Bedding Set,820,63660,77.63414634146342,23.92,15227.47,2021-01-15,44,4.2
100,FreshStop,1579,1899,Home Goods,Bedding Set,1140,41190,36.13157894736842,13.08,5387.65,2021-07-13,50,4.6
101,QuickMart,1096,1321,Books,Printer Paper,900,78420,87.13333333333334,11.61,9104.56,2021-12-23,42,4.0
102,QuickMart,1919,2294,Beauty Products,Shampoo,760,65580,86.28947368421052,16.8,11017.44,2021-09-11,46,4.7
103,FreshStop,1262,1500,Beauty Products,Bestseller Novel,1170,89080,76.13675213675214,9.81,8738.75,2021-11-14,29,4.8
104,GreenBasket,1374,1655,Groceries,T-shirt,1080,94170,87.19444444444444,10.43,9821.93,2021-05-01,25,3.9
105,EcoGrocer,1309,1587,Groceries,Shampoo,1000,50950,50.95,5.46,2781.87,2021-11-19,13,3.9
106,SuperSaver,1207,1434,Home Goods,Bedding Set,690,65180,94.46376811594203,12.59,8206.16,2021-02-02,49,3.7
107,QuickMart,1692,2031,Clothing,Dog Food,810,69310,85.5679012345679,6.32,4380.39,2021-03-30,48,3.7
108,FreshStop,1929,2311,Groceries,Bread,630,79210,125.73015873015873,26.35,20871.84,2021-12-31,40,3.7
109,FreshStop,1573,1878,Clothing,T-shirt,650,23740,36.52307692307692,14.57,3458.92,2021-08-14,29,3.6
110,EcoGrocer,1415,1700,Groceries,Bread,920,36330,39.48913043478261,29.43,10691.92,2021-01-23,48,4.2
111,SuperSaver,1162,1382,Beauty Products,Bread,1260,51700,41.03174603174603,15.24,7879.08,2021-05-29,10,4.9
112,MegaStore,1485,1787,Toys,Shampoo,800,62950,78.6875,29.4,18507.3,2021-10-09,31,3.7
113,ValueVille,1897,2248,Pet Supplies,Running Shoes,1330,56010,42.11278195488722,15.09,8451.91,2021-05-21,26,3.7
114,QuickMart,1607,1927,Office Supplies,Smartphone,940,45080,47.95744680851064,15.02,6771.02,2021-09-08,32,4.9
115,UrbanMart,1909,2287,Office Supplies,Shampoo,1210,46830,38.70247933884298,18.87,8836.82,2021-03-24,27,3.1
116,QuickMart,1274,1503,Books,Milk,660,64750,98.10606060606061,21.75,14083.12,2021-01-02,34,4.4
117,MegaStore,1157,1379,Beauty Products,Bestseller Novel,770,80780,104.9090909090909,20.3,16398.34,2021-08-05,45,4.3
118,EcoGrocer,1712,2046,Home Goods,Dog Food,460,31180,67.78260869565217,24.09,7511.26,2021-08-31,46,3.6
119,EcoGrocer,1500,1798,Sports Equipment,Eggs,860,56710,65.94186046511628,29.42,16684.08,2021-04-09,50,3.8
120,ValueVille,1682,2017,Home Goods,Eggs,780,49390,63.32051282051282,25.77,12727.8,2021-05-31,35,3.6
121,CityMarket,1441,1727,Sports Equipment,Running Shoes,890,66000,74.15730337078652,10.0,6600.0,2021-04-14,29,4.5
122,GreenBasket,1525,1835,Electronics,Bread,900,32770,36.41111111111111,5.73,1877.72,2021-01-31,23,3.1
123,FreshStop,1408,1669,Home Goods,Running Shoes,530,46580,87.88679245283019,29.54,13759.73,2021-04-15,32,4.3
124,FreshStop,1947,2333,Clothing,Smartphone,790,79780,100.9873417721519,24.6,19625.88,2021-10-06,38,4.9
125,FreshStop,1164,1390,Beauty Products,Printer Paper,370,35510,95.97297297297297,5.68,2016.97,2021-02-25,47,3.9
126,EcoGrocer,1787,2137,Office Supplies,Action Figure,610,80970,132.7377049180328,14.67,11878.3,2021-12-21,50,4.5
127,EcoGrocer,1871,2241,Groceries,Bread,500,61150,122.3,7.85,4800.27,2021-07-26,44,3.5
128,GreenBasket,1718,2051,Clothing,Shampoo,750,49210,65.61333333333333,5.92,2913.23,2021-11-15,45,4.6
129,EcoGrocer,1365,1636,Groceries,Bestseller Novel,980,79950,81.58163265306122,21.51,17197.25,2021-12-21,44,3.4
130,SuperSaver,1368,1654,Beauty Products,Printer Paper,530,68740,129.69811320754718,11.34,7795.12,2021-09-27,38,3.3
131,SuperSaver,1342,1595,Groceries,Running Shoes,910,57480,63.16483516483517,5.33,3063.68,2021-04-21,29,3.2
132,CityMarket,1076,1270,Books,Shampoo,620,72630,117.14516129032258,7.3,5301.99,2021-08-01,49,3.5
133,GreenBasket,1396,1672,Electronics,Bread,1170,50070,42.794871794871796,17.65,8837.36,2021-04-08,25,3.5
134,CityMarket,1713,2071,Pet Supplies,Bedding Set,900,40490,44.98888888888889,14.57,5899.39,2021-10-03,19,3.7
135,QuickMart,1370,1638,Toys,Smartphone,980,51850,52.90816326530612,10.84,5620.54,2021-03-18,35,4.0
136,QuickMart,1667,1993,Books,T-shirt,740,42840,57.891891891891895,14.34,6143.26,2021-07-02,44,3.8
137,SuperSaver,1638,1972,Clothing,T-shirt,810,60940,75.23456790123457,29.06,17709.16,2021-04-16,11,4.1
138,QuickMart,1581,1905,Home Goods,Printer Paper,810,62280,76.88888888888889,24.53,15277.28,2021-09-20,32,3.2
139,EcoGrocer,1795,2187,Clothing,Action Figure,300,76530,255.1,25.41,19446.27,2021-04-19,30,3.3
140,GreenBasket,1179,1412,Office Supplies,Running Shoes,790,85130,107.75949367088607,23.25,19792.72,2021-08-18,35,3.9
141,QuickMart,1978,2374,Groceries,Action Figure,800,48590,60.7375,20.21,9820.04,2021-06-21,45,3.8
142,MegaStore,1688,2042,Toys,Shampoo,760,73080,96.15789473684211,29.37,21463.6,2021-01-22,32,4.9
143,FreshStop,1214,1456,Groceries,Shampoo,530,48950,92.35849056603773,27.91,13661.94,2021-10-26,22,4.9
144,PrimePick,1504,1805,Electronics,Dog Food,540,48560,89.92592592592592,11.0,5341.6,2021-02-21,15,4.8
145,CityMarket,1498,1770,Toys,Action Figure,620,59380,95.7741935483871,9.41,5587.66,2021-04-02,27,4.9
146,EcoGrocer,1462,1762,Toys,Dog Food,1010,51190,50.68316831683168,5.67,2902.47,2021-05-18,12,3.8
147,PrimePick,1442,1750,Home Goods,Smartphone,130,58920,453.2307692307692,15.82,9321.14,2021-08-20,43,4.4
148,SuperSaver,1250,1486,Clothing,Printer Paper,730,50360,68.98630136986301,5.24,2638.86,2021-04-26,17,3.4
149,GreenBasket,1229,1480,Toys,Bread,830,38070,45.86746987951807,11.98,4560.79,2021-01-03,18,3.5
150,MegaStore,1936,2300,Sports Equipment,Bedding Set,1060,49170,46.386792452830186,28.28,13905.28,2021-04-06,38,4.4
151,ValueVille,1369,1629,Office Supplies,Eggs,770,39740,51.61038961038961,14.95,5941.13,2021-04-05,28,3.0
152,SuperSaver,1662,1986,Office Supplies,Action Figure,70,63730,910.4285714285714,23.17,14766.24,2021-12-19,28,4.0
153,GreenBasket,1548,1855,Office Supplies,Bestseller Novel,670,85330,127.35820895522389,24.0,20479.2,2021-07-16,38,4.4
154,PrimePick,1649,1963,Home Goods,Milk,490,27410,55.93877551020408,22.37,6131.62,2021-05-16,20,4.0
155,PrimePick,1393,1663,Beauty Products,Smartphone,670,37320,55.701492537313435,9.82,3664.82,2021-12-25,21,3.2
156,PrimePick,1450,1734,Pet Supplies,Bread,380,71120,187.1578947368421,15.94,11336.53,2021-07-18,32,4.7
157,GreenBasket,1613,1921,Books,Bestseller Novel,1200,72800,60.666666666666664,7.91,5758.48,2021-01-28,18,3.2
158,SuperSaver,1408,1696,Office Supplies,Dog Food,350,34410,98.31428571428572,14.23,4896.54,2021-01-02,31,4.7
159,CityMarket,775,932,Home Goods,Eggs,1090,42530,39.018348623853214,18.55,7889.32,2021-12-30,18,4.9
160,SuperSaver,1275,1534,Groceries,Eggs,1230,54300,44.146341463414636,17.12,9296.16,2021-05-05,43,4.0
161,ValueVille,1740,2078,Books,T-shirt,680,50780,74.67647058823529,13.05,6626.79,2021-04-08,32,3.4
162,FreshStop,1372,1657,Groceries,Dog Food,580,45020,77.62068965517241,23.24,10462.65,2021-01-03,13,3.0
163,PrimePick,1414,1723,Toys,Milk,680,69600,102.3529411764706,13.88,9660.48,2021-04-21,45,3.6
164,MegaStore,2044,2474,Pet Supplies,Running Shoes,340,80340,236.2941176470588,16.94,13609.6,2021-07-24,28,3.6
165,ValueVille,1823,2176,Toys,Milk,700,37810,54.01428571428571,26.54,10034.77,2021-09-10,48,4.6
166,SuperSaver,955,1133,Beauty Products,Bestseller Novel,580,46140,79.55172413793103,26.64,12291.7,2021-01-10,48,4.8
167,EcoGrocer,1465,1763,Electronics,Bestseller Novel,680,99570,146.4264705882353,21.11,21019.23,2021-03-23,29,4.4
168,FreshStop,1331,1606,Office Supplies,Action Figure,630,38650,61.34920634920635,28.36,10961.14,2021-12-17,26,4.9
169,PrimePick,1232,1487,Books,Smartphone,860,49800,57.906976744186046,28.79,14337.42,2021-11-25,17,4.2
170,GreenBasket,1481,1765,Books,Eggs,490,69910,142.6734693877551,21.9,15310.29,2021-05-24,36,4.3
171,CityMarket,1343,1599,Pet Supplies,Smartphone,870,44910,51.62068965517241,9.27,4163.16,2021-09-07,17,4.2
172,QuickMart,1539,1837,Groceries,Bread,990,78470,79.26262626262626,6.87,5390.89,2021-02-10,21,3.0
173,GreenBasket,1007,1207,Home Goods,Bestseller Novel,670,47460,70.83582089552239,19.38,9197.75,2021-07-26,35,4.7
174,PrimePick,1762,2145,Office Supplies,Milk,490,33460,68.28571428571429,10.15,3396.19,2021-10-25,47,3.4
175,ValueVille,1527,1832,Beauty Products,Printer Paper,580,44090,76.01724137931035,16.69,7358.62,2021-07-25,25,4.2
176,ValueVille,1356,1619,Beauty Products,Bedding Set,700,42620,60.885714285714286,18.34,7816.51,2021-08-01,15,3.3
177,GreenBasket,1536,1848,Pet Supplies,Running Shoes,670,69450,103.65671641791045,8.54,5931.03,2021-04-13,26,3.7
178,ValueVille,1605,1902,Office Supplies,Bedding Set,390,73120,187.48717948717947,9.08,6639.3,2021-12-08,23,3.5
179,EcoGrocer,1704,2032,Toys,Action Figure,590,48300,81.86440677966101,17.77,8582.91,2021-01-09,26,4.6
180,FreshStop,1626,1941,Sports Equipment,Bestseller Novel,1350,58090,43.02962962962963,6.43,3735.19,2021-11-08,48,3.9
181,GreenBasket,1612,1939,Beauty Products,Bread,840,74250,88.39285714285714,10.17,7551.22,2021-02-21,21,4.0
182,QuickMart,1174,1396,Office Supplies,Bestseller Novel,1100,40930,37.20909090909091,28.93,11841.05,2021-07-14,22,3.3
183,ValueVille,1923,2339,Pet Supplies,Dog Food,950,70930,74.66315789473684,26.15,18548.2,2021-07-23,44,4.2
184,PrimePick,1702,2053,Beauty Products,Shampoo,950,64670,68.07368421052631,29.74,19232.86,2021-03-09,32,4.0
185,GreenBasket,1398,1692,Electronics,Bedding Set,650,77420,119.1076923076923,12.76,9878.79,2021-09-19,13,3.7
186,UrbanMart,1437,1717,Electronics,Eggs,230,32330,140.56521739130434,16.57,5357.08,2021-08-24,29,3.6
187,QuickMart,1524,1796,Sports Equipment,Bread,1060,41080,38.75471698113208,23.98,9850.98,2021-12-09,50,3.4
188,PrimePick,1660,1985,Toys,Printer Paper,1180,42860,36.32203389830509,24.64,10560.7,2021-11-24,44,4.5
189,UrbanMart,1302,1569,Electronics,Printer Paper,710,68450,96.40845070422536,29.53,20213.28,2021-05-25,33,4.2
190,UrbanMart,1666,2000,Toys,Bread,480,39730,82.77083333333333,27.29,10842.32,2021-11-10,47,4.3
191,SuperSaver,1391,1649,Clothing,Dog Food,810,83750,103.39506172839506,22.24,18626.0,2021-11-23,30,4.5
192,CityMarket,1778,2148,Pet Supplies,Smartphone,1140,69940,61.35087719298246,9.98,6980.01,2021-12-20,33,4.5
193,CityMarket,1462,1770,Pet Supplies,T-shirt,1070,67710,63.2803738317757,11.82,8003.32,2021-11-26,17,4.8
194,SuperSaver,1751,2115,Pet Supplies,Eggs,790,67360,85.26582278481013,22.48,15142.53,2021-09-12,10,3.4
195,CityMarket,1652,1982,Electronics,Dog Food,690,52460,76.02898550724638,10.22,5361.41,2021-11-13,37,4.3
196,EcoGrocer,1841,2215,Office Supplies,Bread,610,88760,145.50819672131146,25.82,22917.83,2021-05-27,11,3.4
197,EcoGrocer,1496,1791,Home Goods,Printer Paper,1240,67030,54.056451612903224,20.92,14022.68,2021-12-19,27,4.4
198,CityMarket,1504,1827,Electronics,Bestseller Novel,840,78230,93.13095238095238,7.09,5546.51,2021-08-27,26,4.9
199,SuperSaver,1524,1808,Home Goods,T-shirt,460,62270,135.3695652173913,28.43,17703.36,2021-03-29,37,3.0
200,FreshStop,1148,1371,Electronics,Shampoo,940,49760,52.93617021276596,9.0,4478.4,2021-02-23,28,3.1
201,FreshStop,1468,1744,Toys,Bread,590,73660,124.84745762711864,22.38,16485.11,2021-04-06,17,3.3
202,MegaStore,1310,1558,Pet Supplies,Milk,890,72320,81.25842696629213,7.75,5604.8,2021-06-12,35,4.4
203,FreshStop,1321,1579,Sports Equipment,Dog Food,770,68890,89.46753246753246,15.21,10478.17,2021-01-26,35,4.8
204,GreenBasket,992,1192,Electronics,Smartphone,900,34180,37.977777777777774,8.88,3035.18,2021-03-26,19,4.5
205,CityMarket,1540,1857,Beauty Products,Action Figure,1020,58260,57.11764705882353,24.57,14314.48,2021-03-08,39,3.3
206,FreshStop,1807,2149,Home Goods,Action Figure,910,38120,41.89010989010989,27.17,10357.2,2021-05-22,24,4.6
207,SuperSaver,1526,1853,Sports Equipment,Shampoo,660,49070,74.34848484848484,23.27,11418.59,2021-02-19,12,4.5
208,MegaStore,1406,1677,Beauty Products,Bread,480,61660,128.45833333333334,25.92,15982.27,2021-09-13,23,4.5
209,SuperSaver,1703,2055,Home Goods,Smartphone,1080,37830,35.02777777777778,7.74,2928.04,2021-12-25,20,3.9
210,CityMarket,1575,1872,Toys,Printer Paper,690,52270,75.7536231884058,21.2,11081.24,2021-10-21,11,4.2
211,QuickMart,1309,1572,Groceries,Action Figure,510,52280,102.50980392156863,25.53,13347.08,2021-04-23,12,4.3
212,MegaStore,1488,1807,Home Goods,Action Figure,1030,70810,68.74757281553399,19.07,13503.47,2021-11-15,11,3.7
213,ValueVille,1658,1988,Toys,Running Shoes,370,71530,193.32432432432432,8.55,6115.82,2021-04-28,45,4.7
214,SuperSaver,1863,2245,Beauty Products,Milk,640,77260,120.71875,21.89,16912.21,2021-03-04,22,4.9
215,CityMarket,1458,1725,Toys,Smartphone,750,75550,100.73333333333333,24.59,18577.74,2021-03-24,39,3.9
216,FreshStop,1604,1909,Pet Supplies,Running Shoes,370,33730,91.16216216216216,18.03,6081.52,2021-03-21,28,4.7
217,CityMarket,1575,1899,Sports Equipment,Running Shoes,840,66270,78.89285714285714,12.56,8323.51,2021-08-01,13,3.1
218,EcoGrocer,1525,1829,Pet Supplies,Bedding Set,840,55820,66.45238095238095,11.88,6631.42,2021-07-22,10,4.7
219,GreenBasket,1451,1737,Office Supplies,Smartphone,890,68430,76.88764044943821,20.53,14048.68,2021-10-13,39,3.8
220,FreshStop,1390,1687,Electronics,Eggs,620,73990,119.33870967741936,7.59,5615.84,2021-07-17,33,3.1
221,MegaStore,1442,1742,Toys,Bestseller Novel,310,62800,202.58064516129033,16.56,10399.68,2021-03-23,43,3.3
222,QuickMart,1620,1922,Groceries,Shampoo,550,33740,61.345454545454544,25.85,8721.79,2021-05-12,26,4.5
223,CityMarket,1251,1527,Books,Bedding Set,380,63830,167.97368421052633,25.18,16072.39,2021-08-21,21,3.1
224,SuperSaver,1318,1606,Office Supplies,Running Shoes,1200,24410,20.341666666666665,7.51,1833.19,2021-09-06,17,4.4
225,CityMarket,1647,1962,Books,Printer Paper,800,70020,87.525,5.83,4082.17,2021-07-02,39,4.3
226,PrimePick,1829,2175,Home Goods,Bedding Set,870,92240,106.02298850574712,6.54,6032.5,2021-10-09,17,4.7
227,UrbanMart,1852,2227,Books,Bread,1220,68230,55.92622950819672,22.59,15413.16,2021-02-06,33,5.0
228,PrimePick,1699,2053,Clothing,Action Figure,1080,81870,75.80555555555556,10.12,8285.24,2021-07-24,24,4.8
229,QuickMart,1325,1595,Toys,Running Shoes,540,73860,136.77777777777777,21.44,15835.58,2021-04-12,50,3.0
230,PrimePick,1350,1634,Office Supplies,T-shirt,880,77120,87.63636363636364,17.52,13511.42,2021-11-05,44,4.4
231,PrimePick,1347,1628,Beauty Products,Milk,120,72350,602.9166666666666,7.59,5491.36,2021-06-07,42,4.8
232,PrimePick,1397,1661,Electronics,Bedding Set,1410,49160,34.86524822695036,10.38,5102.81,2021-08-16,24,3.6
233,FreshStop,1245,1499,Books,Eggs,570,45650,80.08771929824562,18.62,8500.03,2021-08-04,42,4.6
234,MegaStore,1366,1649,Toys,Running Shoes,940,52780,56.148936170212764,15.98,8434.24,2021-05-28,15,4.3
235,SuperSaver,1378,1658,Electronics,Action Figure,760,90960,119.6842105263158,25.73,23404.01,2021-05-10,13,4.8
236,EcoGrocer,1767,2110,Toys,Printer Paper,1200,64950,54.125,23.23,15087.88,2021-11-13,48,4.4
237,GreenBasket,1184,1434,Beauty Products,Dog Food,670,47230,70.49253731343283,27.35,12917.4,2021-10-10,49,3.6
238,GreenBasket,1257,1505,Beauty Products,T-shirt,950,83250,87.63157894736842,12.3,10239.75,2021-10-30,40,4.0
239,MegaStore,1863,2247,Clothing,Bestseller Novel,480,51950,108.22916666666667,13.91,7226.24,2021-02-01,15,4.2
240,UrbanMart,1881,2244,Groceries,Shampoo,920,66030,71.77173913043478,25.55,16870.66,2021-03-02,15,3.6
241,UrbanMart,1329,1609,Beauty Products,Running Shoes,1150,68590,59.643478260869564,29.75,20405.53,2021-11-06,50,3.9
242,EcoGrocer,1539,1848,Office Supplies,Action Figure,750,47140,62.85333333333333,27.07,12760.8,2021-03-05,47,3.3
243,FreshStop,1557,1861,Office Supplies,Action Figure,370,69940,189.02702702702703,9.57,6693.26,2021-07-13,33,3.2
244,GreenBasket,2007,2397,Sports Equipment,Bedding Set,610,65890,108.01639344262296,13.15,8664.54,2021-10-29,38,3.9
245,PrimePick,1185,1418,Beauty Products,Bread,1150,89310,77.6608695652174,26.95,24069.04,2021-08-02,39,4.7
246,UrbanMart,1657,2003,Groceries,T-shirt,1070,58540,54.71028037383178,22.36,13089.54,2021-11-12,22,4.1
247,SuperSaver,1294,1539,Pet Supplies,Milk,790,78130,98.89873417721519,16.33,12758.63,2021-01-01,16,3.6
248,CityMarket,1296,1559,Electronics,Dog Food,1070,92300,86.26168224299066,14.35,13245.05,2021-10-17,50,3.2
249,CityMarket,1733,2097,Electronics,T-shirt,730,56170,76.94520547945206,9.11,5117.09,2021-02-12,40,3.4
250,MegaStore,1641,1976,Electronics,Eggs,620,46050,74.2741935483871,25.48,11733.54,2021-11-12,21,4.3
251,SuperSaver,1373,1648,Pet Supplies,Smartphone,530,43390,81.86792452830188,12.24,5310.94,2021-09-26,15,4.1
252,SuperSaver,1550,1845,Groceries,Dog Food,700,61750,88.21428571428571,17.93,11071.78,2021-10-22,26,3.7
253,MegaStore,1583,1907,Sports Equipment,Milk,680,21830,32.10294117647059,25.08,5474.96,2021-06-22,22,3.8
254,PrimePick,1428,1719,Pet Supplies,Printer Paper,1060,39800,37.54716981132076,18.06,7187.88,2021-10-19,37,4.1
255,ValueVille,1604,1925,Pet Supplies,Running Shoes,670,54370,81.14925373134328,18.02,9797.47,2021-12-23,21,4.5
256,EcoGrocer,1439,1735,Electronics,Smartphone,400,62470,156.175,12.61,7877.47,2021-03-20,42,4.0
257,MegaStore,1648,2003,Office Supplies,Action Figure,910,82930,91.13186813186813,12.0,9951.6,2021-05-19,30,3.9
258,PrimePick,1025,1231,Office Supplies,Bestseller Novel,760,63720,83.84210526315789,27.02,17217.14,2021-03-18,20,3.5
259,QuickMart,2001,2394,Beauty Products,Milk,540,79180,146.62962962962962,12.25,9699.55,2021-12-09,50,4.1
260,SuperSaver,1145,1370,Sports Equipment,Bread,350,38210,109.17142857142858,24.42,9330.88,2021-12-16,47,4.6
261,SuperSaver,1174,1426,Toys,Milk,980,25950,26.479591836734695,9.83,2550.89,2021-09-11,48,3.7
262,EcoGrocer,913,1106,Sports Equipment,Running Shoes,860,56610,65.82558139534883,28.45,16105.54,2021-04-08,47,4.7
263,MegaStore,1199,1433,Home Goods,Shampoo,1020,73710,72.26470588235294,6.88,5071.25,2021-08-15,15,4.5
264,SuperSaver,1875,2254,Clothing,Bedding Set,1120,70400,62.857142857142854,20.7,14572.8,2021-07-06,22,4.4
265,PrimePick,1153,1397,Toys,Bread,1020,50440,49.450980392156865,17.55,8852.22,2021-10-08,28,4.1
266,MegaStore,1240,1492,Books,Running Shoes,940,66840,71.1063829787234,19.13,12786.49,2021-06-04,39,3.2
267,SuperSaver,1381,1660,Office Supplies,Running Shoes,970,50170,51.72164948453608,26.32,13204.74,2021-05-04,18,3.1
268,GreenBasket,1701,2030,Office Supplies,Running Shoes,830,60140,72.4578313253012,16.22,9754.71,2021-06-21,28,4.1
269,PrimePick,1206,1456,Books,Smartphone,920,37130,40.358695652173914,26.57,9865.44,2021-07-11,10,4.6
270,CityMarket,1476,1777,Electronics,Smartphone,660,42890,64.98484848484848,15.16,6502.12,2021-02-19,13,3.6
271,CityMarket,1189,1439,Groceries,Bedding Set,780,26220,33.61538461538461,6.89,1806.56,2021-06-15,15,3.7
272,MegaStore,1837,2220,Sports Equipment,Bestseller Novel,340,50840,149.52941176470588,8.86,4504.42,2021-01-01,29,4.7
273,SuperSaver,1319,1571,Electronics,Eggs,1190,25630,21.537815126050422,27.23,6979.05,2021-12-20,38,3.6
274,GreenBasket,1617,1901,Toys,Milk,490,60770,124.0204081632653,24.88,15119.58,2022-01-01,14,3.5
275,QuickMart,1631,1967,Pet Supplies,Printer Paper,1090,69600,63.85321100917431,13.36,9298.56,2021-05-30,20,4.4
276,MegaStore,1517,1805,Clothing,Bread,1040,41740,40.13461538461539,14.24,5943.78,2021-04-07,13,4.0
277,PrimePick,1764,2109,Books,Smartphone,1210,50130,41.429752066115704,28.39,14231.91,2021-01-22,34,3.0
278,CityMarket,1572,1869,Groceries,Eggs,1030,21750,21.116504854368934,11.88,2583.9,2021-11-21,32,3.9
279,EcoGrocer,1855,2197,Pet Supplies,Running Shoes,1170,80490,68.7948717948718,8.62,6938.24,2021-10-03,27,3.4
280,EcoGrocer,1327,1571,Sports Equipment,Bread,730,34020,46.602739726027394,11.17,3800.03,2021-02-28,10,3.5
281,EcoGrocer,1270,1515,Toys,Bedding Set,720,60240,83.66666666666667,23.54,14180.5,2021-03-30,40,4.6
282,FreshStop,1734,2073,Toys,Smartphone,500,39460,78.92,11.37,4486.6,2021-03-04,21,4.7
283,UrbanMart,1533,1848,Home Goods,Running Shoes,1070,56440,52.74766355140187,23.37,13190.03,2021-07-01,11,4.4
284,MegaStore,1390,1646,Beauty Products,T-shirt,800,46840,58.55,19.13,8960.49,2021-06-04,45,4.1
285,SuperSaver,1856,2216,Office Supplies,Printer Paper,1020,64820,63.549019607843135,26.78,17358.8,2021-02-11,41,4.6
286,PrimePick,1000,1215,Home Goods,Action Figure,1070,52520,49.08411214953271,29.77,15635.2,2021-11-11,28,4.1
287,UrbanMart,1313,1586,Home Goods,Bedding Set,420,45940,109.38095238095238,20.14,9252.32,2021-12-08,42,3.0
288,UrbanMart,1494,1799,Pet Supplies,Action Figure,510,38970,76.41176470588235,8.36,3257.89,2021-04-26,44,4.3
289,PrimePick,1386,1674,Electronics,Milk,1210,58610,48.43801652892562,23.67,13872.99,2021-01-29,48,3.2
290,QuickMart,1979,2364,Clothing,Milk,660,30810,46.68181818181818,17.05,5253.1,2021-09-16,33,3.4
291,PrimePick,1057,1264,Home Goods,Dog Food,360,47730,132.58333333333334,24.03,11469.52,2021-11-05,45,5.0
292,CityMarket,902,1093,Groceries,Dog Food,1210,64640,53.421487603305785,8.51,5500.86,2021-08-20,28,4.6
293,CityMarket,1347,1622,Toys,Action Figure,560,44860,80.10714285714286,26.41,11847.53,2021-09-24,19,4.4
294,EcoGrocer,1314,1576,Books,Bread,360,55660,154.61111111111111,22.89,12740.57,2021-10-19,16,4.7
295,GreenBasket,1513,1803,Pet Supplies,Printer Paper,970,57530,59.30927835051546,14.09,8105.98,2021-04-10,20,4.2
296,EcoGrocer,1305,1548,Groceries,Eggs,480,75200,156.66666666666666,18.39,13829.28,2021-04-12,31,3.2
297,FreshStop,1180,1436,Books,Bread,690,37330,54.10144927536232,18.54,6920.98,2021-04-20,31,4.6
298,EcoGrocer,1142,1352,Office Supplies,Action Figure,710,35280,49.690140845070424,5.73,2021.54,2021-10-02,50,3.9
299,QuickMart,1471,1768,Books,Bread,780,70610,90.52564102564102,6.62,4674.38,2021-11-30,29,3.2
300,GreenBasket,1075,1288,Beauty Products,Shampoo,630,49720,78.92063492063492,19.16,9526.35,2021-02-27,26,3.6
301,CityMarket,1578,1885,Electronics,T-shirt,220,68850,312.95454545454544,23.06,15876.81,2021-06-19,30,3.1
302,MegaStore,1585,1916,Electronics,Milk,1110,50740,45.711711711711715,7.16,3632.98,2021-05-21,11,4.2
303,GreenBasket,1391,1648,Toys,Bread,720,77070,107.04166666666667,26.89,20724.12,2021-03-13,27,3.5
304,GreenBasket,1577,1892,Groceries,Bestseller Novel,560,74730,133.44642857142858,22.06,16485.44,2021-11-07,37,4.1
305,UrbanMart,1092,1314,Pet Supplies,Action Figure,600,76530,127.55,10.04,7683.61,2021-08-15,20,4.1
306,SuperSaver,1375,1681,Office Supplies,Smartphone,440,68900,156.5909090909091,6.87,4733.43,2021-07-17,45,4.2
307,GreenBasket,1523,1813,Clothing,Milk,520,44960,86.46153846153847,20.85,9374.16,2021-04-24,44,4.5
308,UrbanMart,1373,1654,Pet Supplies,Running Shoes,410,41490,101.1951219512195,16.37,6791.91,2021-01-05,27,3.2
309,GreenBasket,1550,1871,Beauty Products,T-shirt,590,74320,125.96610169491525,22.1,16424.72,2021-01-10,37,3.4
310,SuperSaver,1614,1946,Sports Equipment,T-shirt,740,73800,99.72972972972973,19.03,14044.14,2021-03-15,33,3.0
311,EcoGrocer,1566,1889,Books,Bestseller Novel,610,56400,92.45901639344262,6.0,3384.0,2021-05-08,18,4.1
312,PrimePick,2019,2396,Clothing,Bread,540,71570,132.53703703703704,17.51,12531.91,2021-03-28,14,4.3
313,QuickMart,1494,1806,Beauty Products,Bestseller Novel,1450,43640,30.09655172413793,25.67,11202.39,2021-12-09,46,4.3
314,GreenBasket,1659,2008,Groceries,T-shirt,620,35120,56.645161290322584,12.14,4263.57,2021-08-30,26,4.1
315,MegaStore,1766,2131,Pet Supplies,T-shirt,340,58670,172.55882352941177,7.38,4329.85,2021-01-07,49,3.3
316,GreenBasket,1293,1554,Pet Supplies,T-shirt,970,75800,78.14432989690722,28.88,21891.04,2021-01-05,32,3.2
317,MegaStore,1375,1659,Electronics,Eggs,1080,76640,70.96296296296296,21.17,16224.69,2021-09-08,43,3.6
318,MegaStore,1236,1484,Books,Printer Paper,560,31890,56.94642857142857,13.34,4254.13,2021-08-27,49,4.1
319,CityMarket,1332,1586,Beauty Products,Printer Paper,630,61670,97.88888888888889,13.1,8078.77,2021-03-13,21,3.6
320,MegaStore,1513,1825,Home Goods,Bedding Set,980,75950,77.5,18.34,13929.23,2021-06-26,28,4.0
321,PrimePick,1208,1459,Home Goods,T-shirt,930,41490,44.61290322580645,18.83,7812.57,2021-06-08,23,3.8
322,SuperSaver,1190,1429,Books,Running Shoes,470,66170,140.7872340425532,23.44,15510.25,2021-07-18,14,4.3
323,QuickMart,1448,1734,Home Goods,Eggs,680,37980,55.85294117647059,21.04,7990.99,2021-03-08,49,4.3
324,ValueVille,1771,2147,Office Supplies,Printer Paper,430,62710,145.8372093023256,13.33,8359.24,2021-07-24,33,3.3
325,UrbanMart,1365,1645,Sports Equipment,T-shirt,830,60470,72.855421686747,15.13,9149.11,2021-08-30,34,4.4
326,QuickMart,1510,1810,Office Supplies,Milk,950,35230,37.084210526315786,25.13,8853.3,2021-09-06,10,3.8
327,FreshStop,1458,1736,Electronics,Bread,870,48550,55.804597701149426,27.32,13263.86,2021-05-31,18,4.5
328,FreshStop,1808,2157,Office Supplies,Bread,730,56810,77.82191780821918,12.15,6902.42,2021-05-03,44,4.3
329,QuickMart,1615,1954,Sports Equipment,Eggs,760,41080,54.05263157894737,9.16,3762.93,2021-09-14,30,4.0
330,FreshStop,1640,1948,Beauty Products,Bread,960,51270,53.40625,27.74,14222.3,2021-01-16,14,4.3
331,EcoGrocer,1060,1273,Home Goods,Printer Paper,860,57500,66.86046511627907,24.38,14018.5,2021-04-21,36,4.0
332,ValueVille,1633,1968,Beauty Products,Bread,330,81470,246.87878787878788,15.16,12350.85,2021-12-01,21,4.5
333,QuickMart,1222,1473,Home Goods,Milk,630,49570,78.68253968253968,9.96,4937.17,2021-12-31,33,3.7
334,PrimePick,1619,1957,Home Goods,Bread,1280,45580,35.609375,11.28,5141.42,2021-06-05,34,4.5
335,FreshStop,1624,1973,Beauty Products,T-shirt,1440,44660,31.01388888888889,29.58,13210.43,2021-07-27,17,3.4
336,FreshStop,1887,2278,Clothing,Eggs,570,76240,133.75438596491227,13.76,10490.62,2021-12-13,16,4.2
337,EcoGrocer,1320,1583,Home Goods,Bedding Set,540,43720,80.96296296296296,9.93,4341.4,2021-05-16,30,3.5
338,EcoGrocer,1450,1750,Clothing,Bestseller Novel,480,46700,97.29166666666667,16.28,7602.76,2021-03-31,28,3.3
339,MegaStore,1455,1764,Home Goods,Shampoo,390,84690,217.15384615384616,13.54,11467.03,2021-11-24,25,4.4
340,ValueVille,966,1172,Beauty Products,Printer Paper,900,85470,94.96666666666667,5.24,4478.63,2021-08-02,18,4.9
341,GreenBasket,1922,2290,Beauty Products,Bread,290,80410,277.2758620689655,25.68,20649.29,2021-11-07,29,3.4
342,SuperSaver,1678,1999,Toys,T-shirt,740,46650,63.04054054054054,14.75,6880.88,2021-04-29,10,3.1
343,EcoGrocer,1638,1952,Office Supplies,T-shirt,690,81840,118.6086956521739,17.75,14526.6,2021-08-11,28,3.3
344,MegaStore,1145,1375,Home Goods,Running Shoes,950,63590,66.93684210526315,8.49,5398.79,2021-01-14,45,4.7
345,UrbanMart,2004,2390,Beauty Products,T-shirt,930,50130,53.903225806451616,12.56,6296.33,2021-10-26,39,3.7
346,MegaStore,1954,2378,Pet Supplies,Printer Paper,810,45820,56.5679012345679,6.18,2831.68,2021-09-15,43,4.1
347,SuperSaver,1577,1879,Office Supplies,Bedding Set,760,86710,114.09210526315789,8.61,7465.73,2021-09-06,35,4.3
348,SuperSaver,1766,2138,Office Supplies,Smartphone,580,49980,86.17241379310344,10.49,5242.9,2021-09-11,46,3.9
349,ValueVille,1362,1634,Office Supplies,Action Figure,770,82940,107.71428571428571,6.67,5532.1,2021-01-06,29,3.8
350,EcoGrocer,1886,2228,Books,Bedding Set,1530,40350,26.372549019607842,16.92,6827.22,2021-11-08,34,4.3
351,ValueVille,1291,1546,Office Supplies,Milk,420,93950,223.6904761904762,29.37,27593.12,2021-12-03,32,3.8
352,MegaStore,1584,1897,Sports Equipment,Bedding Set,1210,47310,39.099173553719005,19.94,9433.61,2022-01-01,19,3.4
353,PrimePick,1397,1686,Books,Shampoo,850,21300,25.058823529411764,8.82,1878.66,2021-05-27,36,4.7
354,CityMarket,1445,1709,Sports Equipment,Bestseller Novel,1340,62180,46.40298507462686,23.59,14668.26,2021-05-18,28,3.6
355,EcoGrocer,1433,1707,Electronics,Smartphone,1160,61460,52.98275862068966,27.17,16698.68,2021-06-12,34,3.4
356,UrbanMart,1269,1511,Groceries,Action Figure,500,54360,108.72,13.75,7474.5,2021-10-20,31,4.4
357,EcoGrocer,1798,2134,Groceries,Bestseller Novel,820,72050,87.86585365853658,5.85,4214.92,2021-06-21,33,4.3
358,CityMarket,1514,1822,Books,Running Shoes,670,48090,71.77611940298507,13.61,6545.05,2021-02-21,50,3.8
359,PrimePick,1015,1216,Office Supplies,Bestseller Novel,460,27310,59.369565217391305,25.59,6988.63,2021-06-16,12,3.3
360,FreshStop,1495,1799,Pet Supplies,Dog Food,950,57160,60.16842105263158,8.73,4990.07,2021-12-21,45,3.7
361,UrbanMart,1759,2095,Pet Supplies,Milk,980,34190,34.88775510204081,7.86,2687.33,2021-02-24,20,4.9
362,QuickMart,1219,1468,Pet Supplies,Action Figure,850,35600,41.88235294117647,28.77,10242.12,2021-02-22,43,4.7
363,EcoGrocer,1571,1877,Pet Supplies,Bedding Set,580,54670,94.25862068965517,29.48,16116.72,2021-08-12,47,3.1
364,GreenBasket,1404,1670,Toys,Shampoo,620,76730,123.75806451612904,20.17,15476.44,2021-02-01,28,3.2
365,UrbanMart,1124,1369,Pet Supplies,T-shirt,650,63540,97.75384615384615,15.6,9912.24,2021-02-23,35,3.0
366,UrbanMart,1514,1837,Office Supplies,Eggs,1130,36690,32.469026548672566,11.2,4109.28,2021-06-19,16,3.2
367,QuickMart,1207,1476,Toys,Bread,720,87370,121.34722222222223,19.03,16626.51,2021-12-21,19,3.8
368,CityMarket,1484,1774,Beauty Products,Smartphone,940,59800,63.61702127659574,16.79,10040.42,2021-06-07,48,3.0
369,GreenBasket,1398,1678,Home Goods,Action Figure,920,48030,52.20652173913044,26.53,12742.36,2021-06-27,47,4.0
370,GreenBasket,1769,2112,Sports Equipment,Bestseller Novel,660,96650,146.43939393939394,27.01,26105.16,2021-08-31,13,3.2
371,PrimePick,1111,1322,Toys,Running Shoes,610,65500,107.37704918032787,11.5,7532.5,2021-02-27,46,3.7
372,GreenBasket,1078,1305,Groceries,Bedding Set,1190,55530,46.66386554621849,10.69,5936.16,2021-10-17,43,4.1
373,QuickMart,1876,2254,Office Supplies,Bread,1340,21650,16.15671641791045,24.79,5367.04,2021-08-11,50,4.3
374,ValueVille,1909,2306,Office Supplies,Dog Food,820,31940,38.951219512195124,17.27,5516.04,2021-08-08,33,3.0
375,MegaStore,1940,2343,Office Supplies,Bestseller Novel,1130,84690,74.94690265486726,10.92,9248.15,2021-08-15,38,3.4
376,CityMarket,1391,1683,Home Goods,T-shirt,890,68390,76.84269662921348,18.82,12871.0,2021-04-21,10,4.3
377,EcoGrocer,1496,1774,Office Supplies,Eggs,810,75490,93.19753086419753,26.98,20367.2,2021-09-14,29,4.0
378,PrimePick,1412,1699,Clothing,Smartphone,680,39200,57.64705882352941,5.43,2128.56,2021-04-01,42,4.5
379,UrbanMart,1121,1345,Beauty Products,Smartphone,320,85670,267.71875,29.74,25478.26,2021-08-08,22,4.2
380,PrimePick,1691,2026,Books,Action Figure,700,60530,86.47142857142858,17.23,10429.32,2021-08-22,49,3.1
381,PrimePick,1599,1946,Sports Equipment,Bread,940,78090,83.07446808510639,14.22,11104.4,2021-08-09,22,3.7
382,UrbanMart,1208,1467,Electronics,Running Shoes,910,50720,55.73626373626374,18.15,9205.68,2021-08-21,44,4.8
383,UrbanMart,1454,1737,Sports Equipment,Dog Food,870,23090,26.54022988505747,29.3,6765.37,2021-10-07,15,4.5
384,EcoGrocer,1555,1881,Beauty Products,Milk,1260,91360,72.5079365079365,24.08,21999.49,2021-06-05,31,3.3
385,QuickMart,1554,1852,Home Goods,Bread,440,48120,109.36363636363636,5.21,2507.05,2021-09-20,33,4.8
386,SuperSaver,1491,1800,Electronics,Dog Food,980,75620,77.16326530612245,28.96,21899.55,2021-02-02,14,4.4
387,ValueVille,1415,1697,Sports Equipment,Bedding Set,1200,39420,32.85,20.38,8033.8,2021-07-30,32,4.3
388,UrbanMart,1487,1801,Electronics,Dog Food,890,51130,57.449438202247194,13.83,7071.28,2021-07-14,50,3.0
389,CityMarket,1339,1589,Office Supplies,Shampoo,1050,33890,32.27619047619048,25.84,8757.18,2021-09-11,25,3.1
390,MegaStore,1320,1562,Toys,Smartphone,610,87170,142.9016393442623,29.84,26011.53,2021-05-03,33,4.3
391,EcoGrocer,1509,1799,Clothing,Shampoo,960,38600,40.208333333333336,22.09,8526.74,2021-06-04,42,3.4
392,QuickMart,1406,1680,Toys,Bestseller Novel,860,60980,70.90697674418605,16.19,9872.66,2021-03-10,11,3.4
393,SuperSaver,1264,1502,Toys,Bread,800,79410,99.2625,6.78,5384.0,2021-07-14,18,4.8
394,UrbanMart,1905,2280,Office Supplies,Smartphone,1060,82350,77.68867924528301,22.4,18446.4,2021-12-03,21,4.5
395,FreshStop,1209,1464,Books,Printer Paper,600,36740,61.233333333333334,11.82,4342.67,2021-02-15,27,3.7
396,GreenBasket,1546,1829,Office Supplies,Printer Paper,380,27720,72.94736842105263,28.08,7783.78,2021-05-05,17,3.6
397,GreenBasket,1689,2044,Office Supplies,Dog Food,1140,32260,28.29824561403509,12.86,4148.64,2021-05-05,41,4.3
398,ValueVille,1153,1381,Pet Supplies,Printer Paper,730,53270,72.97260273972603,17.53,9338.23,2021-09-22,47,3.6
399,QuickMart,2063,2493,Sports Equipment,Shampoo,810,51480,63.55555555555556,20.34,10471.03,2021-08-02,20,3.4
400,EcoGrocer,1848,2254,Toys,Action Figure,1000,59970,59.97,19.22,11526.23,2021-04-29,32,3.7
401,EcoGrocer,1718,2056,Groceries,Milk,1220,83600,68.52459016393442,16.59,13869.24,2021-02-12,15,3.7
402,UrbanMart,1480,1773,Home Goods,Smartphone,360,63020,175.05555555555554,9.26,5835.65,2021-06-04,36,3.2
403,PrimePick,1439,1724,Books,T-shirt,900,50920,56.577777777777776,13.96,7108.43,2021-06-23,25,4.0
404,QuickMart,1576,1896,Groceries,Smartphone,750,56450,75.26666666666667,20.84,11764.18,2021-03-04,49,5.0
405,SuperSaver,1948,2374,Electronics,Bestseller Novel,930,89540,96.27956989247312,19.04,17048.42,2021-08-23,16,4.6
406,PrimePick,1613,1893,Toys,Dog Food,1180,46030,39.00847457627118,9.04,4161.11,2021-11-12,48,3.4
407,FreshStop,896,1059,Toys,Smartphone,870,75110,86.33333333333333,14.42,10830.86,2021-04-27,32,4.0
408,FreshStop,1625,1943,Clothing,Running Shoes,680,74520,109.58823529411765,7.95,5924.34,2021-05-22,44,4.1
409,UrbanMart,1303,1587,Home Goods,Shampoo,1310,102310,78.09923664122137,5.12,5238.27,2021-11-24,26,4.5
410,SuperSaver,1340,1605,Sports Equipment,Bread,1000,53400,53.4,26.32,14054.88,2021-02-28,44,4.0
411,FreshStop,1410,1704,Pet Supplies,Shampoo,1130,59760,52.88495575221239,9.31,5563.66,2021-08-17,25,3.1
412,FreshStop,1432,1719,Office Supplies,Milk,990,49540,50.04040404040404,24.96,12365.18,2021-03-27,20,3.1
413,CityMarket,1891,2280,Toys,Milk,360,51560,143.22222222222223,12.4,6393.44,2021-09-10,40,4.3
414,QuickMart,1322,1583,Clothing,Action Figure,720,49510,68.76388888888889,27.85,13788.54,2021-10-12,41,3.2
415,QuickMart,1378,1670,Sports Equipment,Shampoo,950,58610,61.694736842105264,20.22,11850.94,2021-07-07,11,3.7
416,SuperSaver,1462,1732,Toys,T-shirt,840,68260,81.26190476190476,28.58,19508.71,2021-06-29,28,4.9
417,UrbanMart,1440,1733,Home Goods,Bread,1120,65310,58.3125,5.64,3683.48,2021-05-20,38,4.7
418,UrbanMart,1421,1724,Office Supplies,Eggs,920,52090,56.619565217391305,19.72,10272.15,2021-04-30,29,3.5
419,GreenBasket,1280,1530,Sports Equipment,Shampoo,1240,43860,35.37096774193548,22.68,9947.45,2021-03-25,42,4.8
420,QuickMart,1431,1710,Office Supplies,Dog Food,840,74170,88.29761904761905,18.05,13387.68,2021-01-21,25,4.5
421,QuickMart,1161,1404,Pet Supplies,Printer Paper,430,58380,135.7674418604651,27.95,16317.21,2021-04-27,32,3.8
422,MegaStore,1175,1405,Groceries,Bestseller Novel,810,91200,112.5925925925926,9.66,8809.92,2021-05-21,47,4.3
423,CityMarket,1395,1662,Groceries,Shampoo,920,90940,98.84782608695652,21.44,19497.54,2021-10-21,44,4.4
424,SuperSaver,1443,1755,Groceries,Smartphone,880,49330,56.05681818181818,6.8,3354.44,2021-04-20,37,4.6
425,SuperSaver,1247,1523,Toys,Running Shoes,1350,53500,39.629629629629626,20.24,10828.4,2021-03-06,39,4.6
426,FreshStop,1788,2133,Pet Supplies,Dog Food,1000,54590,54.59,19.61,10705.1,2021-11-19,20,4.4
427,FreshStop,1138,1375,Toys,Bedding Set,1220,57450,47.09016393442623,8.18,4699.41,2021-09-22,33,4.3
428,UrbanMart,1709,2042,Pet Supplies,Action Figure,430,33240,77.30232558139535,28.89,9603.04,2021-01-25,30,4.4
429,PrimePick,1777,2145,Toys,Bread,520,80790,155.3653846153846,9.95,8038.6,2021-12-12,12,4.5
430,QuickMart,1612,1918,Beauty Products,Shampoo,580,61000,105.17241379310344,27.56,16811.6,2021-03-15,49,4.6
431,MegaStore,1618,1943,Office Supplies,Bedding Set,460,47620,103.52173913043478,29.38,13990.76,2021-08-25,23,3.8
432,PrimePick,1311,1571,Groceries,Milk,470,72090,153.38297872340425,20.28,14619.85,2021-09-15,49,3.8
433,QuickMart,1365,1638,Groceries,Milk,680,102920,151.35294117647058,14.3,14717.56,2021-05-05,42,3.2
434,SuperSaver,1249,1503,Toys,T-shirt,950,61970,65.23157894736842,5.18,3210.05,2021-12-16,41,4.8
435,ValueVille,1373,1635,Office Supplies,T-shirt,840,61040,72.66666666666667,20.96,12793.98,2021-08-22,39,3.5
436,MegaStore,1536,1836,Beauty Products,Running Shoes,990,52060,52.58585858585859,7.66,3987.8,2021-02-28,15,4.6
437,PrimePick,1744,2101,Books,Action Figure,520,69570,133.78846153846155,17.81,12390.42,2021-04-04,32,3.9
438,MegaStore,1513,1820,Beauty Products,Shampoo,520,66020,126.96153846153847,9.81,6476.56,2021-12-18,11,3.6
439,ValueVille,1297,1561,Books,Smartphone,1070,40000,37.38317757009346,5.95,2380.0,2021-05-31,31,3.3
440,PrimePick,1908,2304,Clothing,Shampoo,990,79500,80.3030303030303,10.8,8586.0,2021-05-31,41,3.1
441,SuperSaver,1721,2076,Books,Printer Paper,710,76300,107.46478873239437,24.92,19013.96,2021-01-19,25,3.4
442,GreenBasket,1243,1491,Toys,Action Figure,430,69030,160.53488372093022,9.41,6495.72,2021-12-03,24,3.4
443,QuickMart,1472,1766,Groceries,Bedding Set,1290,57140,44.29457364341085,16.88,9645.23,2021-09-01,33,3.5
444,CityMarket,1307,1570,Sports Equipment,T-shirt,1080,41710,38.620370370370374,27.33,11399.34,2021-08-15,18,3.8
445,PrimePick,1628,1959,Sports Equipment,Action Figure,890,71480,80.31460674157303,26.31,18806.39,2021-03-01,44,4.8
446,FreshStop,1556,1869,Beauty Products,Eggs,1000,33010,33.01,23.12,7631.91,2021-05-18,33,3.0
447,ValueVille,1179,1428,Office Supplies,Dog Food,1290,74570,57.8062015503876,25.02,18657.41,2021-04-13,31,3.8
448,CityMarket,1768,2123,Electronics,Smartphone,860,49590,57.66279069767442,29.72,14738.15,2021-07-14,20,4.2
449,CityMarket,1378,1656,Books,Milk,1010,73170,72.44554455445545,20.97,15343.75,2021-10-08,30,4.9
450,FreshStop,1685,2015,Beauty Products,T-shirt,1160,79220,68.29310344827586,28.73,22759.91,2021-09-21,15,3.7
451,GreenBasket,1474,1759,Electronics,Smartphone,880,75880,86.22727272727273,10.44,7921.87,2021-10-12,47,4.3
452,UrbanMart,1794,2137,Books,Printer Paper,670,67610,100.91044776119404,24.8,16767.28,2021-10-08,46,4.7
453,QuickMart,1086,1291,Groceries,Bread,930,69090,74.29032258064517,21.92,15144.53,2021-07-19,36,3.2
454,GreenBasket,1808,2154,Home Goods,Bestseller Novel,990,35220,35.57575757575758,15.58,5487.28,2021-10-18,40,3.7
455,EcoGrocer,1501,1790,Sports Equipment,Printer Paper,450,53940,119.86666666666666,22.76,12276.74,2021-10-24,48,3.5
456,MegaStore,1353,1598,Office Supplies,Bestseller Novel,690,56660,82.1159420289855,16.24,9201.58,2021-09-05,47,4.3
457,ValueVille,1455,1757,Clothing,Action Figure,650,67520,103.87692307692308,29.94,20215.49,2021-11-15,42,4.7
458,QuickMart,1165,1411,Beauty Products,Running Shoes,1020,38620,37.86274509803921,29.63,11443.11,2021-03-06,10,4.4
459,EcoGrocer,1332,1610,Sports Equipment,Milk,880,38890,44.19318181818182,10.68,4153.45,2021-07-19,38,3.5
460,SuperSaver,1396,1668,Home Goods,Action Figure,760,79270,104.30263157894737,16.11,12770.4,2021-11-15,32,4.4
461,CityMarket,1513,1821,Clothing,Running Shoes,690,42880,62.14492753623188,18.5,7932.8,2021-07-29,26,3.9
462,QuickMart,1618,1940,Home Goods,Dog Food,630,44240,70.22222222222223,17.25,7631.4,2021-04-18,33,3.7
463,PrimePick,1845,2233,Toys,Action Figure,370,43190,116.72972972972973,11.55,4988.45,2021-09-03,18,4.3
464,PrimePick,1172,1411,Home Goods,Printer Paper,460,74550,162.06521739130434,26.79,19971.94,2021-11-26,32,3.3
465,EcoGrocer,1436,1737,Clothing,T-shirt,770,57090,74.14285714285714,26.48,15117.43,2021-03-02,18,3.2
466,GreenBasket,1738,2065,Beauty Products,Bread,750,56480,75.30666666666667,10.91,6161.97,2021-03-11,23,3.8
467,SuperSaver,2229,2667,Books,Bread,660,87410,132.43939393939394,8.96,7831.94,2021-03-23,50,4.3
468,GreenBasket,1490,1783,Sports Equipment,T-shirt,730,81370,111.46575342465754,23.7,19284.69,2021-02-28,37,4.2
469,ValueVille,1060,1279,Home Goods,Printer Paper,670,97360,145.3134328358209,22.41,21818.38,2021-01-09,48,3.1
470,PrimePick,2015,2436,Sports Equipment,Bread,680,77960,114.6470588235294,6.49,5059.6,2021-08-21,11,3.5
471,PrimePick,1611,1919,Toys,Bedding Set,960,71240,74.20833333333333,14.51,10336.92,2021-03-02,45,4.8
472,EcoGrocer,1187,1417,Sports Equipment,Bedding Set,1230,58940,47.91869918699187,28.61,16862.73,2021-08-31,41,3.2
473,MegaStore,1430,1690,Clothing,Printer Paper,800,78950,98.6875,7.73,6102.84,2021-08-10,19,3.0
474,UrbanMart,1543,1840,Beauty Products,Action Figure,450,36380,80.84444444444445,19.45,7075.91,2021-12-02,34,3.3
475,QuickMart,1836,2195,Pet Supplies,Shampoo,940,45160,48.04255319148936,28.53,12884.15,2021-06-06,31,3.6
476,UrbanMart,1463,1764,Toys,Shampoo,1060,69050,65.14150943396227,6.48,4474.44,2021-09-15,40,4.0
477,SuperSaver,1213,1462,Electronics,T-shirt,560,56830,101.48214285714286,10.26,5830.76,2021-12-05,40,3.8
478,QuickMart,1244,1480,Groceries,Running Shoes,860,93530,108.75581395348837,18.59,17387.23,2021-01-03,24,3.3
479,ValueVille,1745,2108,Pet Supplies,Milk,730,46920,64.27397260273973,15.51,7277.29,2021-01-27,27,4.4
480,GreenBasket,933,1121,Pet Supplies,T-shirt,940,55990,59.56382978723404,5.21,2917.08,2021-09-20,42,4.5
481,GreenBasket,1764,2132,Toys,Running Shoes,920,40840,44.391304347826086,16.64,6795.78,2021-11-26,23,3.4
482,UrbanMart,1675,2002,Electronics,Bedding Set,1050,64990,61.89523809523809,6.11,3970.89,2021-11-02,30,4.0
483,PrimePick,1688,2046,Clothing,Bread,380,53550,140.92105263157896,14.44,7732.62,2021-11-02,22,3.1
484,CityMarket,1842,2204,Home Goods,Milk,930,51320,55.18279569892473,19.46,9986.87,2021-03-27,50,4.8
485,ValueVille,1316,1597,Toys,Action Figure,980,36560,37.30612244897959,27.96,10222.18,2021-10-14,41,4.8
486,PrimePick,1440,1719,Clothing,T-shirt,580,66050,113.87931034482759,5.2,3434.6,2021-11-05,43,4.9
487,PrimePick,1760,2111,Sports Equipment,Printer Paper,680,52400,77.05882352941177,15.79,8273.96,2021-01-27,28,3.6
488,GreenBasket,1323,1571,Groceries,T-shirt,850,27970,32.90588235294118,26.91,7526.73,2021-03-09,11,4.4
489,PrimePick,1230,1466,Clothing,Action Figure,730,67100,91.91780821917808,11.99,8045.29,2021-03-04,17,3.2
490,SuperSaver,1540,1838,Toys,Action Figure,570,43710,76.6842105263158,13.88,6066.95,2021-03-09,23,3.3
491,PrimePick,1167,1388,Groceries,Dog Food,620,38600,62.25806451612903,16.15,6233.9,2021-08-01,11,3.2
492,ValueVille,1429,1695,Home Goods,Milk,890,53890,60.550561797752806,14.39,7754.77,2021-08-03,38,4.0
493,MegaStore,1491,1770,Books,T-shirt,800,52610,65.7625,17.24,9069.96,2021-11-25,49,4.1
494,SuperSaver,1313,1574,Groceries,Shampoo,920,43130,46.880434782608695,28.05,12097.96,2021-07-03,49,3.3
495,QuickMart,1609,1943,Sports Equipment,Dog Food,920,40300,43.80434782608695,5.19,2091.57,2021-06-01,16,4.6
496,UrbanMart,1109,1342,Books,Shampoo,760,49750,65.46052631578948,9.68,4815.8,2021-12-20,50,3.3
497,PrimePick,1207,1440,Pet Supplies,Eggs,500,43840,87.68,21.89,9596.58,2021-11-21,35,3.8
498,SuperSaver,902,1087,Sports Equipment,Milk,680,56820,83.55882352941177,17.76,10091.23,2021-12-10,45,4.9
499,FreshStop,1191,1422,Beauty Products,Dog Food,770,36350,47.20779220779221,13.76,5001.76,2021-04-20,11,3.2
500,PrimePick,1335,1601,Office Supplies,Milk,460,50820,110.47826086956522,21.03,10687.45,2021-10-30,45,3.2
501,UrbanMart,1382,1660,Electronics,Smartphone,1070,83720,78.24299065420561,27.91,23366.25,2021-05-25,49,4.2
502,FreshStop,1588,1906,Electronics,Smartphone,450,46970,104.37777777777778,10.67,5011.7,2021-08-13,27,3.1
503,QuickMart,1918,2284,Sports Equipment,Bread,310,78020,251.67741935483872,29.39,22930.08,2021-06-15,28,3.2
504,ValueVille,1484,1774,Pet Supplies,Smartphone,880,45080,51.22727272727273,13.78,6212.02,2021-01-05,34,4.7
505,PrimePick,1334,1607,Pet Supplies,Printer Paper,370,55160,149.0810810810811,8.47,4672.05,2021-01-10,42,3.1
506,EcoGrocer,1556,1846,Toys,Shampoo,760,72020,94.76315789473684,23.44,16881.49,2021-08-07,11,4.1
507,MegaStore,1784,2142,Clothing,Printer Paper,950,64010,67.37894736842105,10.04,6426.6,2021-10-18,31,4.0
508,PrimePick,1244,1477,Office Supplies,Action Figure,890,27840,31.280898876404493,10.61,2953.82,2021-10-18,13,4.2
509,CityMarket,1496,1787,Home Goods,T-shirt,800,58070,72.5875,11.1,6445.77,2021-10-19,15,4.0
510,QuickMart,1719,2058,Clothing,Milk,700,51760,73.94285714285714,25.22,13053.87,2021-09-05,18,4.5
511,SuperSaver,1678,2022,Groceries,Smartphone,1050,66050,62.904761904761905,14.82,9788.61,2021-03-20,35,4.2
512,MegaStore,1247,1490,Groceries,Running Shoes,330,65750,199.24242424242425,17.97,11815.28,2021-12-09,19,4.6
513,SuperSaver,1191,1421,Electronics,Milk,980,65820,67.16326530612245,27.59,18159.74,2021-04-05,40,3.4
514,QuickMart,1832,2208,Books,Bread,1090,46760,42.89908256880734,11.97,5597.17,2021-05-12,23,3.7
515,QuickMart,1271,1523,Groceries,Bestseller Novel,1140,50940,44.68421052631579,25.01,12740.09,2021-11-09,49,4.4
516,GreenBasket,1735,2084,Home Goods,Smartphone,820,56440,68.82926829268293,5.44,3070.34,2021-08-24,10,3.9
517,PrimePick,1627,1948,Electronics,Action Figure,890,32610,36.640449438202246,17.5,5706.75,2021-11-30,24,4.7
518,MegaStore,1351,1616,Electronics,T-shirt,650,62770,96.56923076923077,29.75,18674.08,2021-08-31,15,3.8
519,EcoGrocer,1520,1817,Electronics,Bread,850,63600,74.82352941176471,14.94,9501.84,2021-04-30,41,3.8
520,UrbanMart,1490,1788,Sports Equipment,Eggs,360,45840,127.33333333333333,16.25,7449.0,2021-02-08,19,4.3
521,MegaStore,1777,2117,Books,Printer Paper,780,38280,49.07692307692308,21.72,8314.42,2021-01-30,36,4.8
522,UrbanMart,1688,2037,Home Goods,Eggs,590,50960,86.37288135593221,22.98,11710.61,2021-01-17,48,4.4
523,CityMarket,1537,1836,Toys,Bestseller Novel,670,39480,58.92537313432836,29.08,11480.78,2021-11-03,12,3.4
524,QuickMart,1622,1968,Toys,Printer Paper,340,69610,204.73529411764707,15.81,11005.34,2021-09-10,12,3.5
525,EcoGrocer,1148,1384,Electronics,Action Figure,730,47800,65.47945205479452,18.33,8761.74,2021-11-09,30,4.1
526,EcoGrocer,1001,1194,Toys,Eggs,1210,44890,37.099173553719005,11.23,5041.15,2021-11-29,45,3.0
527,CityMarket,1857,2236,Pet Supplies,Bedding Set,1280,67420,52.671875,14.87,10025.35,2021-10-19,20,5.0
528,PrimePick,1552,1869,Home Goods,Eggs,710,78870,111.08450704225352,25.36,20001.43,2021-09-11,18,3.0
529,SuperSaver,1700,2064,Clothing,Action Figure,940,70310,74.79787234042553,6.52,4584.21,2021-02-07,34,3.2
530,UrbanMart,1554,1844,Clothing,Bread,670,38530,57.507462686567166,20.25,7802.32,2021-02-07,39,3.4
531,EcoGrocer,1482,1777,Beauty Products,Milk,800,77570,96.9625,20.57,15956.15,2021-06-28,11,3.9
532,QuickMart,1275,1517,Home Goods,Eggs,790,59920,75.84810126582279,7.84,4697.73,2021-08-25,48,4.8
533,PrimePick,1642,1981,Office Supplies,Action Figure,720,54450,75.625,16.2,8820.9,2021-11-08,20,4.3
534,UrbanMart,1381,1633,Sports Equipment,Smartphone,1270,50250,39.56692913385827,25.15,12637.88,2021-10-09,30,3.6
535,CityMarket,1381,1634,Office Supplies,Bedding Set,930,30790,33.10752688172043,14.35,4418.36,2021-02-09,43,4.3
536,PrimePick,1057,1262,Pet Supplies,Bedding Set,1490,35420,23.77181208053691,8.89,3148.84,2021-03-31,28,4.2
537,ValueVille,1192,1445,Sports Equipment,Dog Food,810,43470,53.666666666666664,18.6,8085.42,2021-12-18,48,4.8
538,QuickMart,1601,1920,Electronics,Bedding Set,600,61000,101.66666666666667,9.45,5764.5,2021-04-25,45,3.1
539,SuperSaver,1622,1968,Groceries,Dog Food,210,64780,308.4761904761905,14.04,9095.11,2021-05-01,22,3.8
540,SuperSaver,1607,1909,Clothing,Action Figure,460,39030,84.84782608695652,9.57,3735.17,2021-04-18,44,4.0
541,PrimePick,2214,2647,Beauty Products,Action Figure,740,65900,89.05405405405405,22.91,15097.69,2021-02-24,38,3.0
542,MegaStore,1633,1936,Pet Supplies,Printer Paper,1320,46050,34.88636363636363,11.39,5245.1,2021-02-05,47,4.2
543,QuickMart,1546,1845,Sports Equipment,Action Figure,760,59070,77.72368421052632,7.88,4654.72,2021-10-10,18,3.8
544,GreenBasket,1475,1753,Toys,Running Shoes,920,44670,48.55434782608695,11.59,5177.25,2021-02-11,44,4.1
545,CityMarket,1270,1519,Pet Supplies,Shampoo,920,58390,63.46739130434783,27.98,16337.52,2021-08-28,27,5.0
546,CityMarket,1185,1420,Books,Eggs,880,80370,91.32954545454545,26.24,21089.09,2021-08-09,34,3.3
547,QuickMart,1614,1938,Office Supplies,Dog Food,1110,53230,47.95495495495496,25.49,13568.33,2021-03-03,12,3.0
548,GreenBasket,1141,1353,Office Supplies,Dog Food,1370,72000,52.55474452554745,25.23,18165.6,2021-02-14,24,3.6
549,CityMarket,1244,1481,Sports Equipment,T-shirt,410,84040,204.97560975609755,27.92,23463.97,2021-09-17,29,3.1
550,UrbanMart,869,1050,Sports Equipment,Running Shoes,850,52540,61.811764705882354,21.87,11490.5,2021-10-24,22,4.5
551,UrbanMart,2049,2465,Books,Bestseller Novel,720,63510,88.20833333333333,19.44,12346.34,2021-11-29,17,3.2
552,QuickMart,1883,2262,Clothing,Bedding Set,570,42240,74.10526315789474,27.84,11759.62,2021-12-19,10,3.6
553,CityMarket,1526,1842,Pet Supplies,Bestseller Novel,690,39580,57.36231884057971,22.44,8881.75,2021-04-15,36,4.7
554,UrbanMart,1165,1390,Toys,Bedding Set,1220,54610,44.76229508196721,15.65,8546.46,2021-05-28,19,3.1
555,ValueVille,1832,2185,Groceries,T-shirt,840,87330,103.96428571428571,28.04,24487.33,2021-01-14,29,3.1
556,QuickMart,1723,2072,Books,Eggs,560,88410,157.875,26.11,23083.85,2021-04-26,29,4.0
557,CityMarket,932,1138,Toys,Bestseller Novel,820,89760,109.46341463414635,14.93,13401.17,2021-08-26,24,4.7
558,EcoGrocer,1137,1374,Clothing,Running Shoes,700,101780,145.4,23.68,24101.5,2021-10-01,45,3.9
559,FreshStop,1231,1472,Toys,Shampoo,810,70290,86.77777777777777,29.81,20953.45,2021-07-10,39,4.0
560,ValueVille,1237,1512,Groceries,Shampoo,1070,88210,82.4392523364486,14.81,13063.9,2021-06-14,33,4.0
561,QuickMart,1371,1650,Clothing,Bedding Set,540,87160,161.40740740740742,23.29,20299.56,2021-04-06,18,4.1
562,UrbanMart,1767,2158,Home Goods,Action Figure,530,41540,78.37735849056604,15.59,6476.09,2021-10-10,38,4.9
563,MegaStore,1748,2092,Electronics,Bestseller Novel,580,49170,84.77586206896552,9.27,4558.06,2021-07-23,31,4.3
564,EcoGrocer,1212,1440,Office Supplies,Action Figure,500,63950,127.9,12.84,8211.18,2021-04-04,36,4.8
565,PrimePick,1466,1743,Books,Smartphone,1200,70810,59.00833333333333,16.85,11931.48,2021-01-19,25,4.0
566,MegaStore,1152,1386,Books,Eggs,980,49590,50.60204081632653,23.21,11509.84,2021-01-14,14,3.4
567,MegaStore,1439,1703,Toys,Milk,1000,67290,67.29,11.13,7489.38,2021-07-23,41,4.6
568,GreenBasket,2026,2400,Electronics,Bedding Set,720,51240,71.16666666666667,20.34,10422.22,2021-12-15,10,4.7
569,ValueVille,1772,2146,Books,Dog Food,1030,48540,47.12621359223301,19.15,9295.41,2021-10-02,23,3.0
570,FreshStop,1511,1822,Toys,Eggs,420,72410,172.4047619047619,21.31,15430.57,2021-11-06,44,3.3
571,SuperSaver,1199,1461,Books,Eggs,1070,54370,50.81308411214953,27.86,15147.48,2021-07-04,30,4.8
572,PrimePick,1834,2184,Groceries,Dog Food,830,94460,113.80722891566265,25.66,24238.44,2021-04-23,17,3.1
573,FreshStop,1143,1375,Office Supplies,T-shirt,940,85160,90.59574468085107,22.29,18982.16,2021-01-29,12,4.2
574,QuickMart,1494,1794,Office Supplies,Bestseller Novel,550,52130,94.78181818181818,28.13,14664.17,2021-10-27,48,4.8
575,ValueVille,1770,2131,Pet Supplies,T-shirt,1140,54650,47.93859649122807,15.41,8421.56,2021-01-22,45,4.4
576,MegaStore,1455,1747,Home Goods,Bedding Set,750,69320,92.42666666666666,7.59,5261.39,2021-10-12,12,4.1
577,SuperSaver,1141,1372,Beauty Products,Bestseller Novel,620,51480,83.03225806451613,13.98,7196.9,2021-10-30,33,4.3
578,FreshStop,1586,1886,Toys,Action Figure,660,50060,75.84848484848484,7.23,3619.34,2021-07-07,33,3.2
579,FreshStop,1701,2034,Beauty Products,Eggs,660,62180,94.21212121212122,20.35,12653.63,2021-10-29,27,4.0
580,FreshStop,1860,2246,Pet Supplies,Smartphone,410,79780,194.58536585365854,5.4,4308.12,2021-01-03,21,4.8
581,CityMarket,1167,1406,Pet Supplies,Action Figure,440,42860,97.4090909090909,7.32,3137.35,2021-08-28,48,4.5
582,GreenBasket,1424,1716,Home Goods,Shampoo,630,54410,86.36507936507937,18.07,9831.89,2021-04-14,43,3.2
583,GreenBasket,1710,2053,Pet Supplies,Bedding Set,730,69390,95.05479452054794,19.29,13385.33,2021-04-23,41,3.7
584,PrimePick,1408,1708,Home Goods,Bedding Set,220,42810,194.5909090909091,17.54,7508.87,2021-03-20,23,4.0
585,QuickMart,1517,1831,Home Goods,Bestseller Novel,610,30840,50.557377049180324,5.58,1720.87,2021-03-20,10,4.8
586,PrimePick,1227,1476,Toys,Running Shoes,720,56260,78.13888888888889,18.85,10605.01,2021-01-13,12,4.4
587,UrbanMart,1609,1930,Office Supplies,Bread,740,76470,103.33783783783784,14.88,11378.74,2021-07-06,47,3.5
588,PrimePick,1553,1831,Toys,Bedding Set,740,35680,48.21621621621622,12.22,4360.1,2021-10-30,31,4.3
589,PrimePick,1814,2174,Office Supplies,Eggs,770,90070,116.97402597402598,24.78,22319.35,2021-05-05,29,4.2
590,QuickMart,1240,1493,Office Supplies,Dog Food,590,33120,56.13559322033898,5.53,1831.54,2021-02-09,21,4.0
591,CityMarket,1206,1437,Home Goods,T-shirt,1330,54060,40.64661654135338,18.4,9947.04,2021-10-12,14,4.8
592,CityMarket,1847,2186,Electronics,Bread,910,75120,82.54945054945055,22.86,17172.43,2021-10-05,15,4.5
593,UrbanMart,1009,1202,Toys,Eggs,330,41600,126.06060606060606,14.55,6052.8,2021-10-17,34,3.4
594,ValueVille,1624,1946,Books,Bedding Set,870,20270,23.298850574712645,10.29,2085.78,2021-03-07,27,4.2
595,SuperSaver,1612,1931,Clothing,Bread,790,60060,76.0253164556962,22.48,13501.49,2021-05-17,36,4.9
596,EcoGrocer,1498,1805,Beauty Products,Bestseller Novel,1270,82270,64.77952755905511,21.74,17885.5,2021-01-22,15,3.0
597,CityMarket,946,1125,Books,Shampoo,590,29170,49.440677966101696,7.44,2170.25,2021-05-16,41,3.8
598,UrbanMart,1563,1872,Office Supplies,Bread,1080,68420,63.351851851851855,22.24,15216.61,2021-05-19,32,4.8
599,SuperSaver,1664,2016,Electronics,Shampoo,830,59130,71.24096385542168,25.07,14823.89,2022-01-01,49,4.9
600,MegaStore,1619,1947,Office Supplies,Bestseller Novel,910,74330,81.68131868131869,9.83,7306.64,2021-07-10,50,4.5
601,FreshStop,1433,1722,Electronics,Eggs,830,77080,92.86746987951807,22.53,17366.12,2021-02-03,17,4.2
602,FreshStop,1241,1489,Groceries,Smartphone,1380,76250,55.2536231884058,6.82,5200.25,2021-04-29,39,3.1
603,CityMarket,1429,1720,Pet Supplies,Bread,1180,59540,50.45762711864407,17.12,10193.25,2021-04-12,34,3.7
604,FreshStop,1241,1488,Electronics,Action Figure,770,54690,71.02597402597402,9.33,5102.58,2021-07-13,40,4.2
605,FreshStop,1078,1306,Home Goods,T-shirt,680,84360,124.05882352941177,14.72,12417.79,2021-11-07,24,4.5
606,FreshStop,1690,2065,Toys,Shampoo,910,51420,56.505494505494504,28.41,14608.42,2021-11-06,22,4.6
607,CityMarket,1289,1536,Electronics,Milk,540,65120,120.5925925925926,13.64,8882.37,2021-01-27,36,4.9
608,FreshStop,1581,1894,Home Goods,Bestseller Novel,760,49380,64.97368421052632,29.55,14591.79,2021-08-23,22,4.0
609,PrimePick,1608,1945,Groceries,Running Shoes,760,37830,49.776315789473685,5.79,2190.36,2021-03-06,15,4.9
610,GreenBasket,1344,1608,Home Goods,Eggs,730,35980,49.28767123287671,14.2,5109.16,2021-11-14,41,3.6
611,MegaStore,1513,1804,Toys,Dog Food,430,69190,160.90697674418604,11.56,7998.36,2021-07-02,50,3.5
612,UrbanMart,1529,1839,Books,Running Shoes,1000,50590,50.59,5.59,2827.98,2021-03-19,27,4.6
613,SuperSaver,1677,2014,Pet Supplies,Bestseller Novel,660,60800,92.12121212121212,9.75,5928.0,2021-02-25,38,3.3
614,CityMarket,1015,1229,Books,Bedding Set,930,31180,33.526881720430104,22.45,6999.91,2021-05-28,12,4.2
615,GreenBasket,1438,1751,Sports Equipment,Action Figure,760,77790,102.35526315789474,15.23,11847.42,2021-08-05,15,4.5
616,CityMarket,1426,1718,Beauty Products,Dog Food,370,47570,128.56756756756758,29.59,14075.96,2021-10-14,16,3.8
617,SuperSaver,1412,1701,Sports Equipment,Running Shoes,630,69130,109.73015873015873,26.62,18402.41,2021-01-11,36,3.2
618,MegaStore,1622,1944,Electronics,Milk,360,75970,211.02777777777777,23.68,17989.7,2021-10-27,31,3.9
619,QuickMart,1503,1791,Pet Supplies,Dog Food,630,68350,108.4920634920635,28.5,19479.75,2021-06-23,40,3.5
620,CityMarket,1501,1789,Office Supplies,Bread,670,41680,62.208955223880594,9.22,3842.9,2021-05-14,31,3.3
621,ValueVille,1971,2342,Groceries,Bread,690,86560,125.44927536231884,16.87,14602.67,2021-05-04,18,4.2
622,CityMarket,1383,1687,Beauty Products,Bestseller Novel,830,81390,98.06024096385542,21.65,17620.94,2021-04-01,10,4.5
623,EcoGrocer,1371,1635,Clothing,Bestseller Novel,720,50730,70.45833333333333,12.03,6102.82,2021-01-24,48,3.5
624,MegaStore,1508,1823,Clothing,Bedding Set,520,71290,137.09615384615384,22.81,16261.25,2021-11-14,31,4.3
625,CityMarket,1057,1284,Toys,Eggs,750,70110,93.48,29.67,20801.64,2021-08-22,31,4.2
626,EcoGrocer,1411,1680,Electronics,Action Figure,1070,61590,57.5607476635514,20.45,12595.16,2021-08-04,29,3.4
627,PrimePick,1466,1746,Groceries,Printer Paper,590,69370,117.57627118644068,22.89,15878.79,2021-05-27,21,4.1
628,FreshStop,1545,1888,Electronics,Eggs,600,67110,111.85,16.43,11026.17,2021-09-30,27,3.5
629,CityMarket,2044,2408,Pet Supplies,Bread,380,82020,215.8421052631579,9.18,7529.44,2021-04-19,30,4.4
630,UrbanMart,1887,2264,Office Supplies,Action Figure,830,62050,74.75903614457832,18.32,11367.56,2021-04-27,50,3.7
631,MegaStore,1505,1836,Pet Supplies,Action Figure,940,61730,65.67021276595744,10.57,6524.86,2021-09-27,21,3.4
632,UrbanMart,1422,1722,Office Supplies,Running Shoes,560,58660,104.75,5.96,3496.14,2021-03-24,40,4.7
633,PrimePick,1564,1869,Office Supplies,Milk,1030,53370,51.81553398058252,11.48,6126.88,2021-09-02,43,4.0
634,PrimePick,1510,1810,Electronics,Smartphone,730,39700,54.38356164383562,26.16,10385.52,2021-03-08,14,3.9
635,SuperSaver,1568,1920,Beauty Products,Smartphone,890,53750,60.39325842696629,25.78,13856.75,2021-04-20,21,4.3
636,CityMarket,1933,2338,Sports Equipment,Bread,1140,44730,39.23684210526316,15.06,6736.34,2021-06-07,32,3.8
637,ValueVille,1501,1822,Sports Equipment,Bread,590,49350,83.64406779661017,12.86,6346.41,2021-01-27,39,5.0
638,MegaStore,1593,1911,Books,Bestseller Novel,580,43340,74.72413793103448,28.36,12291.22,2021-07-02,33,3.1
639,MegaStore,1812,2189,Beauty Products,Bread,310,78090,251.90322580645162,14.07,10987.26,2021-02-09,25,4.2
640,QuickMart,1580,1895,Pet Supplies,Shampoo,720,54950,76.31944444444444,16.63,9138.18,2021-01-15,36,4.7
641,SuperSaver,1440,1749,Books,Action Figure,490,75530,154.14285714285714,23.7,17900.61,2021-06-14,47,4.3
642,PrimePick,1100,1331,Sports Equipment,Shampoo,1010,57330,56.76237623762376,17.55,10061.42,2021-02-26,15,3.1
643,GreenBasket,1534,1841,Clothing,Printer Paper,680,87930,129.30882352941177,11.2,9848.16,2021-01-05,37,3.8
644,GreenBasket,1299,1555,Electronics,Smartphone,1020,56850,55.73529411764706,6.32,3592.92,2021-06-11,19,5.0
645,ValueVille,1767,2121,Sports Equipment,Bedding Set,1050,78430,74.6952380952381,15.94,12501.74,2021-11-21,41,3.8
646,SuperSaver,1368,1649,Electronics,Action Figure,740,63660,86.02702702702703,22.73,14469.92,2021-12-21,10,3.9
647,QuickMart,1393,1670,Beauty Products,Shampoo,410,62960,153.5609756097561,16.56,10426.18,2021-11-08,20,3.9
648,UrbanMart,1327,1590,Electronics,Shampoo,770,81870,106.32467532467533,16.63,13614.98,2021-09-27,47,4.3
649,EcoGrocer,1514,1794,Pet Supplies,Bread,1400,54820,39.15714285714286,21.79,11945.28,2021-11-10,12,3.9
650,FreshStop,1989,2414,Office Supplies,Eggs,860,116320,135.25581395348837,25.75,29952.4,2021-01-20,40,4.4
651,PrimePick,1334,1584,Groceries,Milk,840,57200,68.0952380952381,13.5,7722.0,2021-01-12,45,3.5
652,GreenBasket,1533,1817,Pet Supplies,Eggs,950,84360,88.8,9.39,7921.4,2021-01-16,28,4.2
653,UrbanMart,1809,2145,Books,Milk,940,36530,38.861702127659576,11.15,4073.1,2021-04-05,11,4.9
654,ValueVille,1607,1933,Clothing,Shampoo,930,81260,87.3763440860215,10.94,8889.84,2021-05-15,18,4.4
655,SuperSaver,1165,1387,Electronics,Bestseller Novel,1060,82350,77.68867924528301,15.72,12945.42,2021-05-21,11,3.9
656,CityMarket,1193,1430,Beauty Products,T-shirt,560,80830,144.33928571428572,26.28,21242.12,2021-09-07,32,4.8
657,EcoGrocer,1709,2065,Sports Equipment,Bedding Set,670,30610,45.6865671641791,13.08,4003.79,2021-11-10,18,4.9
658,EcoGrocer,1525,1839,Electronics,Dog Food,540,51310,95.01851851851852,28.13,14433.5,2021-12-24,14,4.3
659,UrbanMart,1348,1623,Toys,Shampoo,1010,72940,72.21782178217822,8.45,6163.43,2021-10-12,11,3.3
660,FreshStop,1132,1366,Sports Equipment,Dog Food,1340,52450,39.14179104477612,24.71,12960.4,2021-01-13,48,4.3
661,SuperSaver,1667,2020,Pet Supplies,Running Shoes,980,66070,67.41836734693878,22.28,14720.4,2021-08-29,22,3.9
662,UrbanMart,1427,1720,Books,Smartphone,630,43190,68.55555555555556,17.26,7454.59,2021-02-17,31,4.0
663,CityMarket,1211,1447,Electronics,Running Shoes,1110,40730,36.693693693693696,10.04,4089.29,2021-05-05,40,3.9
664,PrimePick,1717,2048,Office Supplies,Bestseller Novel,700,78530,112.18571428571428,10.98,8622.59,2021-05-29,50,3.7
665,ValueVille,1766,2111,Groceries,Action Figure,580,94690,163.25862068965517,29.04,27497.98,2021-02-11,39,3.4
666,GreenBasket,1086,1299,Pet Supplies,Eggs,1050,44400,42.285714285714285,20.53,9115.32,2021-05-09,29,3.3
667,QuickMart,1410,1692,Electronics,T-shirt,790,73800,93.41772151898734,20.75,15313.5,2021-06-22,34,3.7
668,CityMarket,1476,1760,Beauty Products,Action Figure,600,37390,62.31666666666667,7.86,2938.85,2021-05-31,42,4.7
669,SuperSaver,1068,1278,Sports Equipment,Shampoo,440,64120,145.72727272727272,15.46,9912.95,2021-08-09,24,3.4
670,GreenBasket,1485,1785,Clothing,Printer Paper,1340,66160,49.37313432835821,19.31,12775.5,2021-06-02,38,3.3
671,EcoGrocer,1461,1739,Home Goods,Action Figure,1250,22310,17.848,14.29,3188.1,2021-07-02,43,3.8
672,CityMarket,1685,2010,Office Supplies,Bestseller Novel,990,62380,63.01010101010101,13.64,8508.63,2021-11-20,39,4.9
673,MegaStore,1624,1958,Toys,Bedding Set,290,63850,220.17241379310346,29.97,19135.84,2021-12-03,49,4.4
674,ValueVille,1658,2000,Home Goods,Bedding Set,350,36210,103.45714285714286,5.19,1879.3,2021-08-05,38,3.0
675,CityMarket,1427,1677,Sports Equipment,Milk,210,54590,259.95238095238096,16.81,9176.58,2021-05-15,19,3.7
676,QuickMart,1755,2072,Toys,T-shirt,810,69610,85.93827160493827,25.9,18028.99,2021-05-01,47,3.7
677,EcoGrocer,1211,1472,Clothing,Bestseller Novel,790,65390,82.77215189873418,13.79,9017.28,2021-12-18,37,3.7
678,QuickMart,1591,1896,Toys,Bedding Set,780,78130,100.16666666666667,24.32,19001.22,2021-08-21,29,4.6
679,PrimePick,1797,2126,Groceries,Milk,730,55710,76.31506849315069,14.54,8100.23,2021-01-10,11,4.7
680,UrbanMart,1519,1823,Clothing,Printer Paper,1040,69210,66.54807692307692,29.3,20278.53,2021-09-03,18,4.3
681,CityMarket,1637,1958,Sports Equipment,Printer Paper,760,59940,78.86842105263158,29.43,17640.34,2021-10-25,40,4.9
682,QuickMart,1451,1750,Toys,Milk,570,72550,127.28070175438596,11.94,8662.47,2021-10-10,49,4.7
683,ValueVille,1203,1446,Electronics,Bestseller Novel,620,44260,71.38709677419355,23.28,10303.73,2021-12-13,25,4.5
684,FreshStop,1884,2262,Electronics,Eggs,310,56910,183.58064516129033,17.99,10238.11,2021-11-03,16,4.9
685,ValueVille,1540,1820,Pet Supplies,Bread,310,82390,265.7741935483871,19.77,16288.5,2021-07-13,15,4.4
686,EcoGrocer,1121,1332,Pet Supplies,Dog Food,790,54590,69.10126582278481,19.31,10541.33,2021-04-28,16,4.0
687,GreenBasket,1307,1562,Beauty Products,Milk,490,69990,142.83673469387756,10.35,7243.96,2021-08-21,20,4.2
688,PrimePick,1475,1775,Pet Supplies,Bestseller Novel,230,72740,316.2608695652174,28.06,20410.84,2021-10-12,10,3.6
689,UrbanMart,1160,1401,Books,Smartphone,900,35360,39.28888888888889,19.05,6736.08,2021-09-20,24,3.4
690,QuickMart,1078,1276,Books,Action Figure,640,94370,147.453125,5.83,5501.77,2021-04-14,17,4.4
691,EcoGrocer,1191,1436,Electronics,Action Figure,840,43520,51.80952380952381,27.77,12085.5,2021-06-10,13,4.8
692,GreenBasket,1317,1569,Office Supplies,Milk,780,36000,46.15384615384615,14.12,5083.2,2021-10-15,45,5.0
693,CityMarket,1548,1858,Electronics,Milk,480,99480,207.25,10.52,10465.3,2021-02-08,29,3.5
694,ValueVille,1560,1883,Beauty Products,Smartphone,1040,83220,80.01923076923077,8.81,7331.68,2021-06-30,46,4.3
695,SuperSaver,1297,1529,Books,Bedding Set,870,52940,60.85057471264368,6.21,3287.57,2021-11-19,18,3.1
696,PrimePick,1645,1958,Office Supplies,T-shirt,530,93360,176.1509433962264,28.23,26355.53,2021-10-15,14,4.9
697,MegaStore,1225,1455,Beauty Products,Dog Food,750,73590,98.12,20.78,15292.0,2021-02-20,11,3.8
698,ValueVille,1421,1704,Books,Dog Food,840,53840,64.0952380952381,15.85,8533.64,2021-08-25,18,4.8
699,PrimePick,1655,1956,Beauty Products,Shampoo,800,47350,59.1875,19.35,9162.22,2021-03-12,14,3.0
700,SuperSaver,1615,1928,Home Goods,Dog Food,660,65080,98.60606060606061,25.69,16719.05,2021-04-09,21,4.0
701,UrbanMart,1872,2262,Clothing,Eggs,560,62050,110.80357142857143,29.02,18006.91,2021-05-24,22,4.4
702,CityMarket,1317,1581,Books,Running Shoes,910,30020,32.989010989010985,13.46,4040.69,2021-01-05,35,3.1
703,QuickMart,1434,1729,Electronics,Bedding Set,480,49510,103.14583333333333,15.89,7867.14,2021-03-12,16,4.5
704,PrimePick,1791,2167,Toys,Bedding Set,700,64320,91.88571428571429,5.58,3589.06,2021-10-19,24,3.4
705,ValueVille,932,1120,Sports Equipment,Bread,660,35590,53.92424242424242,6.86,2441.47,2021-04-10,17,4.6
706,ValueVille,1609,1924,Books,Shampoo,1170,63050,53.888888888888886,11.07,6979.64,2021-08-29,47,4.7
707,UrbanMart,1495,1793,Sports Equipment,T-shirt,1020,65300,64.01960784313725,16.7,10905.1,2021-09-18,19,4.4
708,CityMarket,1769,2153,Groceries,T-shirt,580,69560,119.93103448275862,7.1,4938.76,2021-07-20,44,4.2
709,MegaStore,1693,2032,Home Goods,Smartphone,610,41910,68.70491803278688,27.51,11529.44,2021-12-04,28,4.7
710,SuperSaver,1247,1497,Office Supplies,Eggs,590,28330,48.016949152542374,9.9,2804.67,2021-05-22,12,4.1
711,FreshStop,1502,1815,Office Supplies,Milk,190,55980,294.63157894736844,22.32,12494.74,2021-06-24,45,4.0
712,ValueVille,1360,1612,Toys,Printer Paper,490,61080,124.65306122448979,14.17,8655.04,2021-05-24,11,3.6
713,ValueVille,1542,1844,Sports Equipment,Bedding Set,680,51380,75.55882352941177,16.21,8328.7,2021-03-09,23,3.4
714,EcoGrocer,1631,1947,Office Supplies,Bestseller Novel,670,84410,125.98507462686567,27.15,22917.32,2021-03-11,14,4.1
715,EcoGrocer,1246,1482,Groceries,Action Figure,1070,60680,56.71028037383178,10.41,6316.79,2021-10-11,21,3.7
716,GreenBasket,1990,2384,Toys,Bread,1110,64690,58.27927927927928,19.9,12873.31,2021-12-25,27,3.7
717,QuickMart,967,1154,Groceries,Action Figure,560,45780,81.75,28.39,12996.94,2021-08-30,13,3.4
718,EcoGrocer,1582,1894,Books,Bedding Set,1100,41800,38.0,10.7,4472.6,2021-10-02,11,3.7
719,EcoGrocer,1430,1743,Sports Equipment,Eggs,970,53230,54.876288659793815,22.32,11880.94,2021-05-21,34,3.7
720,CityMarket,1827,2160,Electronics,Running Shoes,930,36160,38.88172043010753,12.66,4577.86,2021-12-04,20,5.0
721,GreenBasket,1118,1338,Clothing,Shampoo,1040,40450,38.89423076923077,19.68,7960.56,2021-07-02,36,4.4
722,PrimePick,1766,2109,Beauty Products,Running Shoes,1120,57910,51.705357142857146,13.32,7713.61,2021-02-05,39,4.2
723,EcoGrocer,1799,2173,Electronics,Shampoo,910,36280,39.86813186813187,23.88,8663.66,2021-01-08,40,4.7
724,CityMarket,1167,1411,Sports Equipment,Printer Paper,440,39190,89.06818181818181,10.38,4067.92,2021-09-29,46,3.2
725,MegaStore,1493,1795,Sports Equipment,Dog Food,530,62380,117.69811320754717,21.84,13623.79,2021-12-07,40,3.3
726,EcoGrocer,1445,1734,Groceries,Eggs,900,21470,23.855555555555554,10.09,2166.32,2021-08-24,24,4.7
727,ValueVille,1033,1237,Electronics,Shampoo,740,34610,46.770270270270274,10.7,3703.27,2021-12-11,40,3.8
728,ValueVille,1440,1711,Books,Running Shoes,1020,88120,86.3921568627451,19.06,16795.67,2021-12-25,15,3.1
729,UrbanMart,1487,1773,Clothing,Dog Food,970,59190,61.02061855670103,22.42,13270.4,2021-11-26,10,4.4
730,MegaStore,1854,2205,Books,Milk,890,36290,40.7752808988764,18.66,6771.71,2021-05-17,23,4.6
731,UrbanMart,1748,2086,Pet Supplies,T-shirt,550,53760,97.74545454545455,12.75,6854.4,2021-08-02,20,4.4
732,EcoGrocer,1937,2310,Clothing,Action Figure,520,66300,127.5,12.56,8327.28,2021-09-20,24,4.0
733,MegaStore,1641,1999,Beauty Products,Eggs,950,93000,97.89473684210526,8.69,8081.7,2021-08-15,45,3.4
734,QuickMart,1659,1999,Home Goods,Bestseller Novel,650,65660,101.01538461538462,17.57,11536.46,2021-05-23,23,3.3
735,UrbanMart,1743,2061,Groceries,Eggs,860,81930,95.26744186046511,21.94,17975.44,2021-10-26,36,3.5
736,MegaStore,1449,1733,Electronics,Printer Paper,320,60060,187.6875,14.46,8684.68,2021-05-13,17,4.6
737,QuickMart,1098,1309,Sports Equipment,Eggs,860,59530,69.22093023255815,27.95,16638.63,2021-11-17,35,3.1
738,EcoGrocer,1121,1351,Beauty Products,Printer Paper,900,46380,51.53333333333333,16.53,7666.61,2021-05-05,12,3.5
739,ValueVille,1526,1858,Sports Equipment,Running Shoes,550,76200,138.54545454545453,20.98,15986.76,2021-05-15,44,3.5
740,MegaStore,1358,1645,Sports Equipment,Printer Paper,770,56860,73.84415584415585,12.61,7170.05,2021-03-29,17,4.7
741,PrimePick,1336,1616,Clothing,Running Shoes,710,86620,122.0,28.87,25007.19,2021-01-17,24,4.9
742,ValueVille,1502,1802,Electronics,Dog Food,840,49730,59.20238095238095,20.12,10005.68,2021-02-18,28,3.8
743,MegaStore,1534,1858,Groceries,Dog Food,860,88370,102.75581395348837,12.9,11399.73,2021-10-04,22,3.9
744,GreenBasket,1418,1699,Books,Action Figure,870,49160,56.50574712643678,5.37,2639.89,2021-03-22,14,4.9
745,PrimePick,854,1018,Home Goods,Shampoo,660,77740,117.78787878787878,9.8,7618.52,2021-03-12,17,3.8
746,SuperSaver,1450,1728,Office Supplies,Running Shoes,930,38560,41.46236559139785,17.85,6882.96,2021-07-27,38,3.9
747,UrbanMart,1474,1776,Toys,Smartphone,1020,51990,50.970588235294116,11.51,5984.05,2021-06-15,25,4.9
748,EcoGrocer,1524,1819,Clothing,Smartphone,1190,39970,33.588235294117645,7.78,3109.67,2021-02-20,10,4.9
749,CityMarket,1361,1638,Pet Supplies,Action Figure,1140,46040,40.3859649122807,8.92,4106.77,2021-01-26,13,4.0
750,FreshStop,1398,1683,Sports Equipment,Bedding Set,490,49500,101.0204081632653,10.29,5093.55,2021-03-26,16,4.9
751,SuperSaver,1085,1308,Toys,Bestseller Novel,1170,76670,65.52991452991454,26.65,20432.56,2021-02-06,23,4.3
752,PrimePick,1660,1979,Pet Supplies,Bedding Set,480,75800,157.91666666666666,20.05,15197.9,2021-01-13,33,3.1
753,QuickMart,1648,2017,Books,Bedding Set,930,81720,87.87096774193549,22.14,18092.81,2021-10-15,11,3.6
754,EcoGrocer,1453,1749,Office Supplies,Milk,890,58440,65.66292134831461,21.59,12617.2,2021-07-26,15,3.9
755,QuickMart,1323,1591,Toys,Running Shoes,680,85720,126.05882352941177,29.28,25098.82,2021-06-08,12,3.6
756,MegaStore,1385,1643,Clothing,T-shirt,740,70940,95.86486486486487,25.37,17997.48,2021-09-07,42,4.3
757,QuickMart,1250,1506,Toys,Running Shoes,990,62420,63.05050505050505,15.14,9450.39,2021-07-22,40,4.4
758,FreshStop,1389,1683,Beauty Products,Milk,680,56880,83.6470588235294,8.49,4829.11,2021-07-04,36,3.0
759,MegaStore,1486,1758,Toys,Shampoo,820,101820,124.17073170731707,17.57,17889.77,2021-10-28,30,3.4
760,CityMarket,1655,1993,Office Supplies,Running Shoes,440,86890,197.47727272727272,28.32,24607.25,2021-08-05,39,3.5
761,SuperSaver,1645,1963,Groceries,Dog Food,900,47300,52.55555555555556,12.76,6035.48,2021-09-20,44,3.6
762,PrimePick,1464,1771,Electronics,Shampoo,1080,31270,28.953703703703702,23.39,7314.05,2021-11-14,15,4.0
763,EcoGrocer,1197,1428,Electronics,Printer Paper,830,65410,78.80722891566265,6.9,4513.29,2021-07-23,26,3.5
764,SuperSaver,1878,2264,Clothing,Bestseller Novel,310,54200,174.83870967741936,10.88,5896.96,2021-01-29,23,3.4
765,MegaStore,1150,1378,Toys,Dog Food,730,67390,92.31506849315069,10.48,7062.47,2021-08-11,14,5.0
766,ValueVille,1562,1881,Office Supplies,Bread,740,54530,73.6891891891892,17.57,9580.92,2021-11-27,25,3.4
767,GreenBasket,1596,1939,Clothing,Printer Paper,960,79760,83.08333333333333,13.22,10544.27,2021-05-07,25,4.7
768,MegaStore,1119,1345,Clothing,Action Figure,790,78060,98.81012658227849,13.81,10780.09,2021-07-17,10,3.0
769,UrbanMart,1116,1347,Home Goods,Milk,700,74080,105.82857142857142,15.89,11771.31,2021-04-12,20,4.4
770,UrbanMart,1934,2349,Home Goods,Milk,750,52990,70.65333333333334,20.21,10709.28,2021-12-27,39,4.5
771,UrbanMart,1299,1540,Office Supplies,Shampoo,590,70580,119.62711864406779,28.27,19952.97,2021-11-08,29,3.6
772,PrimePick,1417,1689,Books,Bedding Set,570,34310,60.19298245614035,22.42,7692.3,2021-03-29,45,4.2
773,EcoGrocer,1235,1503,Beauty Products,Bread,660,74160,112.36363636363636,25.73,19081.37,2021-12-05,37,4.4
774,MegaStore,1497,1815,Clothing,Smartphone,700,59190,84.55714285714286,14.73,8718.69,2021-12-14,35,3.9
775,QuickMart,1430,1704,Clothing,T-shirt,1070,43370,40.532710280373834,19.78,8578.59,2021-06-01,35,4.2
776,ValueVille,1537,1877,Electronics,Shampoo,660,17670,26.772727272727273,10.34,1827.08,2021-08-20,49,4.1
777,MegaStore,1444,1742,Sports Equipment,Bedding Set,840,56710,67.51190476190476,8.17,4633.21,2021-01-30,19,5.0
778,UrbanMart,1477,1798,Books,Printer Paper,850,59820,70.37647058823529,10.88,6508.42,2021-10-05,35,4.9
779,GreenBasket,1041,1246,Groceries,Bedding Set,600,36190,60.31666666666667,29.01,10498.72,2021-09-16,44,3.4
780,UrbanMart,1226,1472,Electronics,Action Figure,710,60440,85.12676056338029,13.57,8201.71,2021-12-07,19,5.0
781,MegaStore,1489,1783,Toys,Bestseller Novel,450,75300,167.33333333333334,15.84,11927.52,2021-02-02,28,4.9
782,FreshStop,1549,1871,Clothing,Bestseller Novel,740,74080,100.10810810810811,26.58,19690.46,2021-01-19,46,3.9
783,SuperSaver,1073,1280,Books,Milk,1240,60440,48.74193548387097,11.07,6690.71,2021-06-13,20,3.7
784,MegaStore,1473,1785,Groceries,Milk,570,80720,141.6140350877193,18.64,15046.21,2021-06-09,41,4.8
785,MegaStore,2013,2396,Office Supplies,Printer Paper,580,47060,81.13793103448276,5.56,2616.54,2021-02-08,36,3.9
786,GreenBasket,1975,2368,Electronics,Smartphone,450,86830,192.95555555555555,25.86,22454.24,2021-02-02,43,4.2
787,UrbanMart,1561,1877,Office Supplies,Milk,790,56790,71.88607594936708,7.16,4066.16,2021-06-09,39,4.5
788,FreshStop,1427,1723,Sports Equipment,Bedding Set,1040,67090,64.50961538461539,24.12,16182.11,2021-02-16,27,3.1
789,QuickMart,1441,1747,Beauty Products,Bedding Set,670,44370,66.22388059701493,25.16,11163.49,2021-05-02,20,4.2
790,QuickMart,1275,1548,Home Goods,Milk,370,82970,224.24324324324326,23.56,19547.73,2021-04-12,14,4.2
791,ValueVille,1574,1876,Office Supplies,Dog Food,620,56230,90.69354838709677,7.97,4481.53,2021-01-19,45,3.0
792,GreenBasket,1511,1791,Toys,Shampoo,1010,53760,53.227722772277225,12.4,6666.24,2021-09-19,17,3.4
793,UrbanMart,1428,1713,Office Supplies,T-shirt,550,55390,100.7090909090909,15.6,8640.84,2021-11-03,10,4.8
794,GreenBasket,1388,1672,Books,Action Figure,800,73500,91.875,5.7,4189.5,2021-05-05,45,4.9
795,PrimePick,1057,1280,Books,T-shirt,610,41050,67.29508196721312,27.01,11087.6,2021-06-24,14,3.3
796,PrimePick,1440,1747,Groceries,Shampoo,1090,67320,61.76146788990825,27.22,18324.5,2021-12-05,11,3.1
797,GreenBasket,1349,1610,Clothing,T-shirt,700,65890,94.12857142857143,23.47,15464.38,2021-11-26,34,4.4
798,GreenBasket,1536,1808,Books,Shampoo,830,56380,67.92771084337349,18.32,10328.82,2021-01-15,29,3.2
799,GreenBasket,2019,2420,Clothing,Bread,850,85670,100.78823529411764,19.4,16619.98,2021-07-15,18,4.2
800,QuickMart,1236,1508,Home Goods,Bread,1260,70830,56.214285714285715,29.19,20675.28,2021-12-30,13,4.9
801,PrimePick,1436,1715,Toys,Milk,1030,48180,46.77669902912621,12.75,6142.95,2021-03-01,40,5.0
802,MegaStore,1862,2248,Groceries,Printer Paper,1160,51910,44.75,14.39,7469.85,2022-01-01,47,4.5
803,MegaStore,1200,1442,Beauty Products,Dog Food,880,44320,50.36363636363637,11.22,4972.7,2021-01-06,36,4.2
804,FreshStop,1360,1650,Beauty Products,Dog Food,420,58940,140.33333333333334,28.94,17057.24,2021-12-06,47,3.8
805,GreenBasket,1722,2078,Pet Supplies,Milk,770,73610,95.59740259740259,21.63,15921.84,2021-10-26,42,4.2
806,ValueVille,1577,1902,Books,Printer Paper,910,54060,59.40659340659341,23.15,12514.89,2021-04-10,12,3.8
807,CityMarket,1850,2214,Groceries,Printer Paper,1110,85000,76.57657657657657,17.71,15053.5,2021-06-01,43,3.5
808,UrbanMart,1447,1730,Electronics,Printer Paper,510,49030,96.13725490196079,11.54,5658.06,2021-07-22,45,4.0
809,QuickMart,1496,1800,Electronics,Bestseller Novel,780,63300,81.15384615384616,27.19,17211.27,2021-02-19,12,3.3
810,SuperSaver,1679,2008,Groceries,T-shirt,790,84300,106.70886075949367,19.99,16851.57,2021-02-25,12,4.8
811,SuperSaver,994,1194,Sports Equipment,Smartphone,1090,81390,74.6697247706422,8.98,7308.82,2021-06-16,43,3.7
812,SuperSaver,1354,1635,Clothing,Printer Paper,1270,95900,75.51181102362204,10.55,10117.45,2021-11-18,14,4.9
813,GreenBasket,1597,1918,Electronics,Shampoo,1260,71830,57.007936507936506,29.2,20974.36,2021-05-06,20,4.1
814,PrimePick,1873,2252,Home Goods,Bread,330,79310,240.33333333333334,7.85,6225.84,2021-08-23,25,3.4
815,CityMarket,1218,1459,Pet Supplies,Bestseller Novel,540,87890,162.75925925925927,17.22,15134.66,2021-03-09,34,4.8
816,QuickMart,1458,1746,Office Supplies,Bestseller Novel,720,48610,67.51388888888889,27.7,13464.97,2021-09-19,31,3.7
817,CityMarket,1546,1860,Office Supplies,Shampoo,670,73160,109.19402985074628,15.9,11632.44,2021-06-25,28,3.8
818,GreenBasket,1608,1962,Home Goods,Dog Food,770,36280,47.116883116883116,13.51,4901.43,2021-09-30,22,4.0
819,FreshStop,1822,2160,Toys,Action Figure,860,49720,57.81395348837209,11.46,5697.91,2021-03-13,37,3.8
820,MegaStore,1716,2038,Books,Milk,410,44400,108.29268292682927,8.26,3667.44,2021-09-27,15,3.6
821,SuperSaver,1072,1296,Clothing,Bestseller Novel,900,47590,52.87777777777778,7.37,3507.38,2021-11-04,42,3.9
822,SuperSaver,1330,1604,Office Supplies,Milk,480,51460,107.20833333333333,29.12,14985.15,2021-01-20,34,4.1
823,SuperSaver,1588,1892,Books,Bedding Set,540,57750,106.94444444444444,6.27,3620.92,2021-07-07,15,3.9
824,PrimePick,1425,1733,Books,Action Figure,760,66000,86.84210526315789,22.7,14982.0,2021-11-24,19,3.9
825,UrbanMart,1778,2133,Books,Printer Paper,280,45950,164.10714285714286,14.94,6864.93,2021-04-03,20,3.0
826,CityMarket,1363,1630,Electronics,Bestseller Novel,1120,53900,48.125,23.42,12623.38,2021-08-19,18,3.7
827,MegaStore,1609,1928,Beauty Products,Bedding Set,160,37920,237.0,11.16,4231.87,2021-02-21,14,3.9
828,EcoGrocer,1671,2024,Sports Equipment,T-shirt,620,63100,101.7741935483871,26.9,16973.9,2021-09-04,46,3.3
829,CityMarket,1379,1636,Pet Supplies,Bedding Set,440,36770,83.56818181818181,20.7,7611.39,2021-11-25,45,4.6
830,QuickMart,1218,1452,Home Goods,Eggs,870,43910,50.47126436781609,22.81,10015.87,2021-07-16,38,4.3
831,GreenBasket,1724,2101,Office Supplies,Dog Food,900,66390,73.76666666666667,14.86,9865.55,2021-10-27,49,4.8
832,QuickMart,986,1179,Office Supplies,Bedding Set,710,59160,83.32394366197182,19.31,11423.8,2021-03-01,16,4.2
833,FreshStop,1330,1606,Pet Supplies,Action Figure,590,38510,65.27118644067797,12.94,4983.19,2021-03-03,28,4.7
834,PrimePick,1437,1725,Clothing,Dog Food,910,46220,50.79120879120879,22.1,10214.62,2021-04-11,45,4.2
835,ValueVille,1327,1609,Clothing,T-shirt,1320,41500,31.439393939393938,5.73,2377.95,2021-12-16,29,3.7
836,MegaStore,1651,2009,Pet Supplies,Bestseller Novel,1000,58160,58.16,26.15,15208.84,2021-07-24,16,4.4
837,EcoGrocer,1211,1462,Clothing,Printer Paper,670,38530,57.507462686567166,24.43,9412.88,2021-08-22,17,3.1
838,MegaStore,1916,2277,Clothing,Bedding Set,610,55880,91.60655737704919,8.03,4487.16,2021-10-24,30,3.8
839,QuickMart,1638,1937,Home Goods,Bread,1050,70940,67.56190476190476,9.41,6675.45,2021-02-18,18,4.1
840,UrbanMart,1172,1413,Office Supplies,Dog Food,480,53940,112.375,26.55,14321.07,2021-06-06,47,4.0
841,EcoGrocer,1350,1606,Clothing,Milk,770,43030,55.883116883116884,18.48,7951.94,2021-03-06,38,4.2
842,UrbanMart,1528,1843,Home Goods,Action Figure,340,59820,175.94117647058823,15.11,9038.8,2021-01-17,33,4.8
843,FreshStop,1305,1557,Clothing,Shampoo,580,55500,95.6896551724138,17.54,9734.7,2021-08-28,22,3.3
844,QuickMart,1463,1751,Electronics,Milk,900,49990,55.544444444444444,18.97,9483.1,2021-11-27,13,4.5
845,CityMarket,1409,1727,Electronics,T-shirt,700,42980,61.4,11.01,4732.1,2021-09-14,13,3.8
846,EcoGrocer,1419,1743,Sports Equipment,T-shirt,860,65970,76.70930232558139,23.76,15674.47,2021-08-09,18,3.5
847,CityMarket,1535,1819,Pet Supplies,Printer Paper,540,59290,109.79629629629629,5.7,3379.53,2021-09-10,15,4.5
848,QuickMart,1474,1745,Toys,Dog Food,970,63020,64.96907216494846,11.14,7020.43,2021-12-21,37,4.4
849,PrimePick,919,1099,Sports Equipment,T-shirt,1560,73810,47.31410256410256,15.79,11654.6,2021-10-20,49,4.2
850,QuickMart,2067,2492,Beauty Products,Shampoo,790,70230,88.89873417721519,29.46,20689.76,2021-04-05,46,4.8
851,MegaStore,1977,2362,Home Goods,Smartphone,1020,59950,58.77450980392157,24.09,14441.96,2021-12-13,48,4.7
852,QuickMart,1293,1558,Toys,Bedding Set,790,78100,98.86075949367088,9.37,7317.97,2021-01-06,48,3.3
853,CityMarket,1477,1790,Clothing,Eggs,880,16370,18.602272727272727,19.93,3262.54,2021-08-10,10,4.0
854,UrbanMart,1582,1906,Office Supplies,T-shirt,550,92640,168.43636363636364,29.86,27662.3,2021-07-07,42,3.3
855,SuperSaver,1481,1789,Toys,Bestseller Novel,550,63540,115.52727272727273,17.67,11227.52,2021-04-27,19,3.0
856,MegaStore,1214,1455,Groceries,Bread,950,87220,91.81052631578947,15.83,13806.93,2021-05-30,26,4.7
857,FreshStop,1206,1460,Beauty Products,T-shirt,810,41990,51.839506172839506,23.46,9850.85,2021-11-21,14,3.6
858,QuickMart,1653,1982,Toys,Bedding Set,390,79410,203.6153846153846,24.41,19383.98,2021-08-24,21,4.6
859,QuickMart,1152,1393,Clothing,Bestseller Novel,860,54380,63.23255813953488,14.02,7624.08,2021-06-12,49,3.4
860,QuickMart,1458,1757,Toys,Dog Food,850,58600,68.94117647058823,7.55,4424.3,2021-01-09,23,3.4
861,SuperSaver,1249,1510,Groceries,Action Figure,660,48950,74.16666666666667,18.53,9070.44,2021-03-12,31,3.6
862,CityMarket,1939,2333,Groceries,Bestseller Novel,830,40670,49.0,22.82,9280.89,2021-05-21,48,4.1
863,SuperSaver,1591,1919,Toys,Shampoo,640,52340,81.78125,22.34,11692.76,2021-05-21,28,3.9
864,MegaStore,1180,1397,Clothing,Bestseller Novel,750,39140,52.18666666666667,9.43,3690.9,2021-05-15,44,3.3
865,FreshStop,1846,2195,Toys,Bestseller Novel,1170,41090,35.11965811965812,7.52,3089.97,2021-08-30,43,4.1
866,SuperSaver,780,951,Groceries,T-shirt,790,25600,32.40506329113924,29.73,7610.88,2021-11-27,13,3.7
867,PrimePick,1565,1854,Pet Supplies,Running Shoes,900,100900,112.11111111111111,5.98,6033.82,2021-12-29,34,3.9
868,PrimePick,1648,1959,Office Supplies,Bread,370,77080,208.32432432432432,29.77,22946.72,2021-03-31,19,4.3
869,PrimePick,1775,2104,Sports Equipment,Bread,980,105150,107.29591836734694,25.07,26361.1,2021-04-07,20,5.0
870,PrimePick,1439,1732,Clothing,Dog Food,1170,80580,68.87179487179488,25.57,20604.31,2021-12-02,40,4.1
871,CityMarket,1487,1776,Toys,Shampoo,800,46230,57.7875,18.75,8668.12,2021-10-05,16,4.7
872,QuickMart,1800,2158,Home Goods,Action Figure,1100,98260,89.32727272727273,20.55,20192.43,2021-07-31,18,3.9
873,UrbanMart,1690,2024,Home Goods,Bread,1070,75930,70.96261682242991,27.75,21070.58,2021-09-26,40,4.1
874,QuickMart,1209,1452,Home Goods,Running Shoes,830,52050,62.71084337349398,28.87,15026.84,2021-03-16,33,3.1
875,FreshStop,1859,2222,Electronics,Running Shoes,1210,87000,71.90082644628099,21.14,18391.8,2021-03-31,45,3.8
876,FreshStop,1691,2023,Office Supplies,Dog Food,540,60270,111.61111111111111,22.29,13434.18,2021-01-23,36,4.9
877,SuperSaver,1259,1493,Clothing,Bestseller Novel,100,88270,882.7,16.55,14608.68,2021-04-30,17,5.0
878,QuickMart,1771,2138,Home Goods,T-shirt,820,57820,70.51219512195122,27.63,15975.67,2021-07-03,38,3.6
879,QuickMart,1205,1468,Books,Eggs,1210,61210,50.586776859504134,13.39,8196.02,2021-12-03,30,3.1
880,CityMarket,1792,2131,Office Supplies,Milk,810,76420,94.34567901234568,29.62,22635.6,2021-03-07,19,3.5
881,MegaStore,1263,1516,Books,Milk,780,70980,91.0,7.03,4989.89,2021-08-20,20,5.0
882,ValueVille,1344,1605,Office Supplies,Bread,1160,76740,66.15517241379311,16.21,12439.55,2021-03-11,29,4.9
883,FreshStop,1819,2187,Electronics,Milk,590,47920,81.22033898305085,9.11,4365.51,2021-02-18,43,4.5
884,GreenBasket,1357,1625,Groceries,Bread,1140,52160,45.75438596491228,10.79,5628.06,2021-12-20,20,3.7
885,UrbanMart,1396,1673,Sports Equipment,Action Figure,690,32740,47.44927536231884,19.83,6492.34,2021-08-12,38,4.1
886,SuperSaver,1118,1337,Beauty Products,Bestseller Novel,560,72270,129.05357142857142,10.45,7552.22,2021-11-23,48,4.2
887,QuickMart,1655,1986,Electronics,Smartphone,1150,77430,67.33043478260869,22.62,17514.67,2021-12-29,43,4.8
888,FreshStop,1156,1398,Clothing,T-shirt,140,92370,659.7857142857143,12.55,11592.44,2021-03-04,22,4.7
889,UrbanMart,1451,1734,Home Goods,Milk,670,34880,52.059701492537314,24.96,8706.05,2021-11-16,38,4.1
890,UrbanMart,1539,1829,Sports Equipment,Smartphone,650,46580,71.66153846153846,20.7,9642.06,2021-02-02,13,3.7
891,EcoGrocer,1549,1851,Groceries,Smartphone,1220,70620,57.885245901639344,12.59,8891.06,2021-10-18,39,3.8
892,QuickMart,1582,1910,Toys,Milk,1080,66390,61.47222222222222,26.63,17679.66,2021-03-01,16,4.2
893,CityMarket,1387,1663,Home Goods,Milk,850,82080,96.56470588235294,25.51,20938.61,2021-02-25,12,4.3
894,UrbanMart,1200,1436,Pet Supplies,Running Shoes,1060,76440,72.11320754716981,19.29,14745.28,2021-11-16,48,4.0
895,FreshStop,1299,1560,Groceries,Bestseller Novel,770,96610,125.46753246753246,26.38,25485.72,2021-11-20,34,4.2
896,GreenBasket,1174,1429,Groceries,Bedding Set,1110,54340,48.95495495495496,15.93,8656.36,2021-02-18,35,5.0
